datesin,datecos,storage1,storage2,rainfall,rainfall1,rfquart,rfhalf,swc_pc_s,high_prec_freq,low_prec_dur,Inception_use_WR,run_mm_syr,ele_mt_smx,Inception_use_P,Inception_use_Irr,Inception_use_FC,Capacity,Catchment_area
-0.4999999999999997,-0.8660254037844388,99.0,94.0,88.04554168,302.1606526,202.1853311,162.6481385,89.99158947,0.029442922,3.265009092,1,998.4642149,643.0607544,0,0,0,55146,74.01
-0.4999999999999997,-0.8660254037844388,99.0,94.0,47.89145434,302.1606526,202.1853311,162.6481385,89.99158947,0.029442922,3.265009092,1,998.4642149,643.0607544,0,0,0,55146,74.01
-0.4999999999999997,-0.8660254037844388,99.0,94.0,140.7936927,302.1606526,202.1853311,162.6481385,89.99158947,0.029442922,3.265009092,1,998.4642149,643.0607544,0,0,0,55146,74.01
-0.4999999999999997,-0.8660254037844388,99.0,94.0,108.5486688,302.1606526,202.1853311,162.6481385,89.99158947,0.029442922,3.265009092,1,998.4642149,643.0607544,0,0,0,55146,74.01
-0.4999999999999997,-0.8660254037844388,99.0,94.0,180.3835288,302.1606526,202.1853311,162.6481385,89.99158947,0.029442922,3.265009092,1,998.4642149,643.0607544,0,0,0,55146,74.01
-0.4999999999999997,-0.8660254037844388,99.0,94.0,149.8542058,302.1606526,202.1853311,162.6481385,89.99158947,0.029442922,3.265009092,1,998.4642149,643.0607544,0,0,0,55146,74.01
-0.4999999999999997,-0.8660254037844388,99.0,94.0,150.2580867,302.1606526,202.1853311,162.6481385,89.99158947,0.029442922,3.265009092,1,998.4642149,643.0607544,0,0,0,55146,74.01
-0.4999999999999997,-0.8660254037844388,99.0,94.0,164.1764019,302.1606526,202.1853311,162.6481385,89.99158947,0.029442922,3.265009092,1,998.4642149,643.0607544,0,0,0,55146,74.01
-0.4999999999999997,-0.8660254037844388,99.0,94.0,78.35475985,302.1606526,202.1853311,162.6481385,89.99158947,0.029442922,3.265009092,1,998.4642149,643.0607544,0,0,0,55146,74.01
-0.4999999999999997,-0.8660254037844388,99.0,94.0,98.68937704,302.1606526,202.1853311,162.6481385,89.99158947,0.029442922,3.265009092,1,998.4642149,643.0607544,0,0,0,55146,74.01
-0.4999999999999997,-0.8660254037844388,99.0,94.0,228.3618059,302.1606526,202.1853311,162.6481385,89.99158947,0.029442922,3.265009092,1,998.4642149,643.0607544,0,0,0,55146,74.01
-0.4999999999999997,-0.8660254037844388,99.0,94.0,91.76870922,302.1606526,202.1853311,162.6481385,89.99158947,0.029442922,3.265009092,1,998.4642149,643.0607544,0,0,0,55146,74.01
-0.4999999999999997,-0.8660254037844388,99.0,94.0,135.4738693,302.1606526,202.1853311,162.6481385,89.99158947,0.029442922,3.265009092,1,998.4642149,643.0607544,0,0,0,55146,74.01
-0.4999999999999997,-0.8660254037844388,99.0,94.0,70.89054892,302.1606526,202.1853311,162.6481385,89.99158947,0.029442922,3.265009092,1,998.4642149,643.0607544,0,0,0,55146,74.01
-0.4999999999999997,-0.8660254037844388,99.0,94.0,106.2524314,302.1606526,202.1853311,162.6481385,89.99158947,0.029442922,3.265009092,1,998.4642149,643.0607544,0,0,0,55146,74.01
-0.4999999999999997,-0.8660254037844388,99.0,94.0,75.62266913,302.1606526,202.1853311,162.6481385,89.99158947,0.029442922,3.265009092,1,998.4642149,643.0607544,0,0,0,55146,74.01
-0.4999999999999997,-0.8660254037844388,99.0,94.0,146.8696224,302.1606526,202.1853311,162.6481385,89.99158947,0.029442922,3.265009092,1,998.4642149,643.0607544,0,0,0,55146,74.01
-0.4999999999999997,-0.8660254037844388,99.0,94.0,65.93150759,302.1606526,202.1853311,162.6481385,89.99158947,0.029442922,3.265009092,1,998.4642149,643.0607544,0,0,0,55146,74.01
-0.4999999999999997,-0.8660254037844388,99.0,94.0,192.1803006,302.1606526,202.1853311,162.6481385,89.99158947,0.029442922,3.265009092,1,998.4642149,643.0607544,0,0,0,55146,74.01
-0.4999999999999997,-0.8660254037844388,99.0,94.0,93.49026113,302.1606526,202.1853311,162.6481385,89.99158947,0.029442922,3.265009092,1,998.4642149,643.0607544,0,0,0,55146,74.01
-0.4999999999999997,-0.8660254037844388,99.0,94.0,112.4020528,302.1606526,202.1853311,162.6481385,89.99158947,0.029442922,3.265009092,1,998.4642149,643.0607544,0,0,0,55146,74.01
-0.4999999999999997,-0.8660254037844388,99.0,94.0,119.4092387,302.1606526,202.1853311,162.6481385,89.99158947,0.029442922,3.265009092,1,998.4642149,643.0607544,0,0,0,55146,74.01
-0.4999999999999997,-0.8660254037844388,99.0,94.0,75.1543833,302.1606526,202.1853311,162.6481385,89.99158947,0.029442922,3.265009092,1,998.4642149,643.0607544,0,0,0,55146,74.01
-0.4999999999999997,-0.8660254037844388,99.0,94.0,98.12452188,302.1606526,202.1853311,162.6481385,89.99158947,0.029442922,3.265009092,1,998.4642149,643.0607544,0,0,0,55146,74.01
-0.4999999999999997,-0.8660254037844388,99.0,94.0,167.0835828,302.1606526,202.1853311,162.6481385,89.99158947,0.029442922,3.265009092,1,998.4642149,643.0607544,0,0,0,55146,74.01
-0.4999999999999997,-0.8660254037844388,99.0,94.0,73.04229806,302.1606526,202.1853311,162.6481385,89.99158947,0.029442922,3.265009092,1,998.4642149,643.0607544,0,0,0,55146,74.01
-0.4999999999999997,-0.8660254037844388,99.0,94.0,172.3147941,302.1606526,202.1853311,162.6481385,89.99158947,0.029442922,3.265009092,1,998.4642149,643.0607544,0,0,0,55146,74.01
-0.4999999999999997,-0.8660254037844388,99.0,94.0,86.41248106,302.1606526,202.1853311,162.6481385,89.99158947,0.029442922,3.265009092,1,998.4642149,643.0607544,0,0,0,55146,74.01
-0.4999999999999997,-0.8660254037844388,99.0,94.0,139.3635704,302.1606526,202.1853311,162.6481385,89.99158947,0.029442922,3.265009092,1,998.4642149,643.0607544,0,0,0,55146,74.01
-0.4999999999999997,-0.8660254037844388,99.0,94.0,56.75595486,302.1606526,202.1853311,162.6481385,89.99158947,0.029442922,3.265009092,1,998.4642149,643.0607544,0,0,0,55146,74.01
-0.4999999999999997,-0.8660254037844388,99.0,94.0,218.4694413,302.1606526,202.1853311,162.6481385,89.99158947,0.029442922,3.265009092,1,998.4642149,643.0607544,0,0,0,55146,74.01
-0.4999999999999997,-0.8660254037844388,99.0,94.0,140.8089573,302.1606526,202.1853311,162.6481385,89.99158947,0.029442922,3.265009092,1,998.4642149,643.0607544,0,0,0,55146,74.01
-0.4999999999999997,-0.8660254037844388,99.0,94.0,217.1997434,302.1606526,202.1853311,162.6481385,89.99158947,0.029442922,3.265009092,1,998.4642149,643.0607544,0,0,0,55146,74.01
-0.4999999999999997,-0.8660254037844388,99.0,94.0,121.5467449,302.1606526,202.1853311,162.6481385,89.99158947,0.029442922,3.265009092,1,998.4642149,643.0607544,0,0,0,55146,74.01
-0.4999999999999997,-0.8660254037844388,99.0,94.0,94.52771656,302.1606526,202.1853311,162.6481385,89.99158947,0.029442922,3.265009092,1,998.4642149,643.0607544,0,0,0,55146,74.01
-0.4999999999999997,-0.8660254037844388,99.0,94.0,107.5295375,302.1606526,202.1853311,162.6481385,89.99158947,0.029442922,3.265009092,1,998.4642149,643.0607544,0,0,0,55146,74.01
-0.4999999999999997,-0.8660254037844388,99.0,94.0,83.39538613,302.1606526,202.1853311,162.6481385,89.99158947,0.029442922,3.265009092,1,998.4642149,643.0607544,0,0,0,55146,74.01
-0.4999999999999997,-0.8660254037844388,99.0,94.0,104.3338563,302.1606526,202.1853311,162.6481385,89.99158947,0.029442922,3.265009092,1,998.4642149,643.0607544,0,0,0,55146,74.01
-0.4999999999999997,-0.8660254037844388,99.0,94.0,210.0244301,302.1606526,202.1853311,162.6481385,89.99158947,0.029442922,3.265009092,1,998.4642149,643.0607544,0,0,0,55146,74.01
-0.4999999999999997,-0.8660254037844388,99.0,94.0,88.18804355,302.1606526,202.1853311,162.6481385,89.99158947,0.029442922,3.265009092,1,998.4642149,643.0607544,0,0,0,55146,74.01
-0.4999999999999997,-0.8660254037844388,99.0,94.0,73.05067592,302.1606526,202.1853311,162.6481385,89.99158947,0.029442922,3.265009092,1,998.4642149,643.0607544,0,0,0,55146,74.01
-0.4999999999999997,-0.8660254037844388,99.0,94.0,85.00857807,302.1606526,202.1853311,162.6481385,89.99158947,0.029442922,3.265009092,1,998.4642149,643.0607544,0,0,0,55146,74.01
-0.4999999999999997,-0.8660254037844388,99.0,94.0,77.40792982,302.1606526,202.1853311,162.6481385,89.99158947,0.029442922,3.265009092,1,998.4642149,643.0607544,0,0,0,55146,74.01
-0.4999999999999997,-0.8660254037844388,99.0,94.0,50.33803322,302.1606526,202.1853311,162.6481385,89.99158947,0.029442922,3.265009092,1,998.4642149,643.0607544,0,0,0,55146,74.01
-0.4999999999999997,-0.8660254037844388,99.0,94.0,125.4827609,302.1606526,202.1853311,162.6481385,89.99158947,0.029442922,3.265009092,1,998.4642149,643.0607544,0,0,0,55146,74.01
-0.4999999999999997,-0.8660254037844388,99.0,94.0,147.3498941,302.1606526,202.1853311,162.6481385,89.99158947,0.029442922,3.265009092,1,998.4642149,643.0607544,0,0,0,55146,74.01
-0.4999999999999997,-0.8660254037844388,99.0,94.0,205.891808,302.1606526,202.1853311,162.6481385,89.99158947,0.029442922,3.265009092,1,998.4642149,643.0607544,0,0,0,55146,74.01
-0.4999999999999997,-0.8660254037844388,99.0,94.0,164.3889709,302.1606526,202.1853311,162.6481385,89.99158947,0.029442922,3.265009092,1,998.4642149,643.0607544,0,0,0,55146,74.01
-0.4999999999999997,-0.8660254037844388,99.0,94.0,158.7532952,302.1606526,202.1853311,162.6481385,89.99158947,0.029442922,3.265009092,1,998.4642149,643.0607544,0,0,0,55146,74.01
-0.4999999999999997,-0.8660254037844388,99.0,94.0,143.2034291,302.1606526,202.1853311,162.6481385,89.99158947,0.029442922,3.265009092,1,998.4642149,643.0607544,0,0,0,55146,74.01
-0.4999999999999997,-0.8660254037844388,99.0,94.0,142.7650631,302.1606526,202.1853311,162.6481385,89.99158947,0.029442922,3.265009092,1,998.4642149,643.0607544,0,0,0,55146,74.01
-0.4999999999999997,-0.8660254037844388,99.0,94.0,84.33161046,302.1606526,202.1853311,162.6481385,89.99158947,0.029442922,3.265009092,1,998.4642149,643.0607544,0,0,0,55146,74.01
-0.4999999999999997,-0.8660254037844388,99.0,94.0,174.6586597,302.1606526,202.1853311,162.6481385,89.99158947,0.029442922,3.265009092,1,998.4642149,643.0607544,0,0,0,55146,74.01
-0.4999999999999997,-0.8660254037844388,99.0,94.0,62.80719309,302.1606526,202.1853311,162.6481385,89.99158947,0.029442922,3.265009092,1,998.4642149,643.0607544,0,0,0,55146,74.01
-0.4999999999999997,-0.8660254037844388,99.0,94.0,121.2256608,302.1606526,202.1853311,162.6481385,89.99158947,0.029442922,3.265009092,1,998.4642149,643.0607544,0,0,0,55146,74.01
-0.4999999999999997,-0.8660254037844388,99.0,94.0,88.45463564,302.1606526,202.1853311,162.6481385,89.99158947,0.029442922,3.265009092,1,998.4642149,643.0607544,0,0,0,55146,74.01
-0.4999999999999997,-0.8660254037844388,99.0,94.0,94.88695183,302.1606526,202.1853311,162.6481385,89.99158947,0.029442922,3.265009092,1,998.4642149,643.0607544,0,0,0,55146,74.01
-0.4999999999999997,-0.8660254037844388,99.0,94.0,80.91606444,302.1606526,202.1853311,162.6481385,89.99158947,0.029442922,3.265009092,1,998.4642149,643.0607544,0,0,0,55146,74.01
-0.4999999999999997,-0.8660254037844388,99.0,94.0,172.3779015,302.1606526,202.1853311,162.6481385,89.99158947,0.029442922,3.265009092,1,998.4642149,643.0607544,0,0,0,55146,74.01
-0.4999999999999997,-0.8660254037844388,99.0,94.0,81.97463328,302.1606526,202.1853311,162.6481385,89.99158947,0.029442922,3.265009092,1,998.4642149,643.0607544,0,0,0,55146,74.01
-0.4999999999999997,-0.8660254037844388,99.0,94.0,151.4829321,302.1606526,202.1853311,162.6481385,89.99158947,0.029442922,3.265009092,1,998.4642149,643.0607544,0,0,0,55146,74.01
-0.4999999999999997,-0.8660254037844388,99.0,94.0,154.1013713,302.1606526,202.1853311,162.6481385,89.99158947,0.029442922,3.265009092,1,998.4642149,643.0607544,0,0,0,55146,74.01
-0.4999999999999997,-0.8660254037844388,99.0,94.0,56.49112445,302.1606526,202.1853311,162.6481385,89.99158947,0.029442922,3.265009092,1,998.4642149,643.0607544,0,0,0,55146,74.01
-0.4999999999999997,-0.8660254037844388,99.0,94.0,65.65361974,302.1606526,202.1853311,162.6481385,89.99158947,0.029442922,3.265009092,1,998.4642149,643.0607544,0,0,0,55146,74.01
-0.4999999999999997,-0.8660254037844388,99.0,94.0,110.1844702,302.1606526,202.1853311,162.6481385,89.99158947,0.029442922,3.265009092,1,998.4642149,643.0607544,0,0,0,55146,74.01
-0.4999999999999997,-0.8660254037844388,99.0,94.0,84.67907755,302.1606526,202.1853311,162.6481385,89.99158947,0.029442922,3.265009092,1,998.4642149,643.0607544,0,0,0,55146,74.01
-0.4999999999999997,-0.8660254037844388,99.0,94.0,88.83346173,302.1606526,202.1853311,162.6481385,89.99158947,0.029442922,3.265009092,1,998.4642149,643.0607544,0,0,0,55146,74.01
-0.4999999999999997,-0.8660254037844388,99.0,94.0,58.77895465,302.1606526,202.1853311,162.6481385,89.99158947,0.029442922,3.265009092,1,998.4642149,643.0607544,0,0,0,55146,74.01
-0.4999999999999997,-0.8660254037844388,99.0,94.0,143.9166893,302.1606526,202.1853311,162.6481385,89.99158947,0.029442922,3.265009092,1,998.4642149,643.0607544,0,0,0,55146,74.01
-0.4999999999999997,-0.8660254037844388,99.0,94.0,80.83903666,302.1606526,202.1853311,162.6481385,89.99158947,0.029442922,3.265009092,1,998.4642149,643.0607544,0,0,0,55146,74.01
-0.4999999999999997,-0.8660254037844388,99.0,94.0,34.29284615,302.1606526,202.1853311,162.6481385,89.99158947,0.029442922,3.265009092,1,998.4642149,643.0607544,0,0,0,55146,74.01
-0.4999999999999997,-0.8660254037844388,99.0,94.0,58.26909788,302.1606526,202.1853311,162.6481385,89.99158947,0.029442922,3.265009092,1,998.4642149,643.0607544,0,0,0,55146,74.01
-0.4999999999999997,-0.8660254037844388,99.0,94.0,113.7825859,302.1606526,202.1853311,162.6481385,89.99158947,0.029442922,3.265009092,1,998.4642149,643.0607544,0,0,0,55146,74.01
-0.4999999999999997,-0.8660254037844388,99.0,94.0,76.78898872,302.1606526,202.1853311,162.6481385,89.99158947,0.029442922,3.265009092,1,998.4642149,643.0607544,0,0,0,55146,74.01
-0.4999999999999997,-0.8660254037844388,99.0,94.0,158.56976,302.1606526,202.1853311,162.6481385,89.99158947,0.029442922,3.265009092,1,998.4642149,643.0607544,0,0,0,55146,74.01
-0.4999999999999997,-0.8660254037844388,99.0,94.0,132.8076976,302.1606526,202.1853311,162.6481385,89.99158947,0.029442922,3.265009092,1,998.4642149,643.0607544,0,0,0,55146,74.01
-0.4999999999999997,-0.8660254037844388,99.0,94.0,112.9134447,302.1606526,202.1853311,162.6481385,89.99158947,0.029442922,3.265009092,1,998.4642149,643.0607544,0,0,0,55146,74.01
-0.4999999999999997,-0.8660254037844388,99.0,94.0,112.6137405,302.1606526,202.1853311,162.6481385,89.99158947,0.029442922,3.265009092,1,998.4642149,643.0607544,0,0,0,55146,74.01
-0.4999999999999997,-0.8660254037844388,99.0,94.0,133.8310142,302.1606526,202.1853311,162.6481385,89.99158947,0.029442922,3.265009092,1,998.4642149,643.0607544,0,0,0,55146,74.01
-0.4999999999999997,-0.8660254037844388,99.0,94.0,95.37349566,302.1606526,202.1853311,162.6481385,89.99158947,0.029442922,3.265009092,1,998.4642149,643.0607544,0,0,0,55146,74.01
-0.4999999999999997,-0.8660254037844388,99.0,94.0,210.8762215,302.1606526,202.1853311,162.6481385,89.99158947,0.029442922,3.265009092,1,998.4642149,643.0607544,0,0,0,55146,74.01
-0.4999999999999997,-0.8660254037844388,99.0,94.0,102.3441845,302.1606526,202.1853311,162.6481385,89.99158947,0.029442922,3.265009092,1,998.4642149,643.0607544,0,0,0,55146,74.01
-0.4999999999999997,-0.8660254037844388,99.0,94.0,128.019003,302.1606526,202.1853311,162.6481385,89.99158947,0.029442922,3.265009092,1,998.4642149,643.0607544,0,0,0,55146,74.01
-0.4999999999999997,-0.8660254037844388,99.0,94.0,90.41750033,302.1606526,202.1853311,162.6481385,89.99158947,0.029442922,3.265009092,1,998.4642149,643.0607544,0,0,0,55146,74.01
-0.4999999999999997,-0.8660254037844388,99.0,94.0,73.22005808,302.1606526,202.1853311,162.6481385,89.99158947,0.029442922,3.265009092,1,998.4642149,643.0607544,0,0,0,55146,74.01
-0.4999999999999997,-0.8660254037844388,99.0,94.0,46.15909772,302.1606526,202.1853311,162.6481385,89.99158947,0.029442922,3.265009092,1,998.4642149,643.0607544,0,0,0,55146,74.01
-0.4999999999999997,-0.8660254037844388,99.0,94.0,125.2863575,302.1606526,202.1853311,162.6481385,89.99158947,0.029442922,3.265009092,1,998.4642149,643.0607544,0,0,0,55146,74.01
-0.4999999999999997,-0.8660254037844388,99.0,94.0,109.8633257,302.1606526,202.1853311,162.6481385,89.99158947,0.029442922,3.265009092,1,998.4642149,643.0607544,0,0,0,55146,74.01
-0.4999999999999997,-0.8660254037844388,99.0,94.0,284.6337775,302.1606526,202.1853311,162.6481385,89.99158947,0.029442922,3.265009092,1,998.4642149,643.0607544,0,0,0,55146,74.01
-0.4999999999999997,-0.8660254037844388,99.0,94.0,115.9309052,302.1606526,202.1853311,162.6481385,89.99158947,0.029442922,3.265009092,1,998.4642149,643.0607544,0,0,0,55146,74.01
-0.4999999999999997,-0.8660254037844388,99.0,94.0,70.92253161,302.1606526,202.1853311,162.6481385,89.99158947,0.029442922,3.265009092,1,998.4642149,643.0607544,0,0,0,55146,74.01
-0.4999999999999997,-0.8660254037844388,99.0,94.0,130.1371173,302.1606526,202.1853311,162.6481385,89.99158947,0.029442922,3.265009092,1,998.4642149,643.0607544,0,0,0,55146,74.01
-0.4999999999999997,-0.8660254037844388,99.0,94.0,114.4446657,302.1606526,202.1853311,162.6481385,89.99158947,0.029442922,3.265009092,1,998.4642149,643.0607544,0,0,0,55146,74.01
-0.4999999999999997,-0.8660254037844388,99.0,94.0,116.4400117,302.1606526,202.1853311,162.6481385,89.99158947,0.029442922,3.265009092,1,998.4642149,643.0607544,0,0,0,55146,74.01
-0.4999999999999997,-0.8660254037844388,99.0,94.0,185.4884076,302.1606526,202.1853311,162.6481385,89.99158947,0.029442922,3.265009092,1,998.4642149,643.0607544,0,0,0,55146,74.01
-0.4999999999999997,-0.8660254037844388,99.0,94.0,95.8219954,302.1606526,202.1853311,162.6481385,89.99158947,0.029442922,3.265009092,1,998.4642149,643.0607544,0,0,0,55146,74.01
-0.4999999999999997,-0.8660254037844388,99.0,94.0,141.5424431,302.1606526,202.1853311,162.6481385,89.99158947,0.029442922,3.265009092,1,998.4642149,643.0607544,0,0,0,55146,74.01
-0.4999999999999997,-0.8660254037844388,99.0,94.0,100.3775074,302.1606526,202.1853311,162.6481385,89.99158947,0.029442922,3.265009092,1,998.4642149,643.0607544,0,0,0,55146,74.01
-0.4999999999999997,-0.8660254037844388,99.0,94.0,99.24388374,302.1606526,202.1853311,162.6481385,89.99158947,0.029442922,3.265009092,1,998.4642149,643.0607544,0,0,0,55146,74.01
-0.4999999999999997,-0.8660254037844388,99.0,94.0,64.40673296,302.1606526,202.1853311,162.6481385,89.99158947,0.029442922,3.265009092,1,998.4642149,643.0607544,0,0,0,55146,74.01
-0.4999999999999997,-0.8660254037844388,99.0,94.0,151.8400889,302.1606526,202.1853311,162.6481385,89.99158947,0.029442922,3.265009092,1,998.4642149,643.0607544,0,0,0,55146,74.01
-0.4999999999999997,-0.8660254037844388,99.0,94.0,125.7304259,302.1606526,202.1853311,162.6481385,89.99158947,0.029442922,3.265009092,1,998.4642149,643.0607544,0,0,0,55146,74.01
-0.4999999999999997,-0.8660254037844388,99.0,94.0,208.7587235,302.1606526,202.1853311,162.6481385,89.99158947,0.029442922,3.265009092,1,998.4642149,643.0607544,0,0,0,55146,74.01
-0.4999999999999997,-0.8660254037844388,99.0,94.0,67.89047,302.1606526,202.1853311,162.6481385,89.99158947,0.029442922,3.265009092,1,998.4642149,643.0607544,0,0,0,55146,74.01
-0.4999999999999997,-0.8660254037844388,99.0,94.0,95.42391604,302.1606526,202.1853311,162.6481385,89.99158947,0.029442922,3.265009092,1,998.4642149,643.0607544,0,0,0,55146,74.01
-0.4999999999999997,-0.8660254037844388,99.0,94.0,79.86377921,302.1606526,202.1853311,162.6481385,89.99158947,0.029442922,3.265009092,1,998.4642149,643.0607544,0,0,0,55146,74.01
-0.4999999999999997,-0.8660254037844388,99.0,94.0,54.21454818,302.1606526,202.1853311,162.6481385,89.99158947,0.029442922,3.265009092,1,998.4642149,643.0607544,0,0,0,55146,74.01
-0.4999999999999997,-0.8660254037844388,99.0,94.0,37.28590626,302.1606526,202.1853311,162.6481385,89.99158947,0.029442922,3.265009092,1,998.4642149,643.0607544,0,0,0,55146,74.01
-0.4999999999999997,-0.8660254037844388,99.0,94.0,204.5851293,302.1606526,202.1853311,162.6481385,89.99158947,0.029442922,3.265009092,1,998.4642149,643.0607544,0,0,0,55146,74.01
-0.4999999999999997,-0.8660254037844388,99.0,94.0,61.96986081,302.1606526,202.1853311,162.6481385,89.99158947,0.029442922,3.265009092,1,998.4642149,643.0607544,0,0,0,55146,74.01
-0.4999999999999997,-0.8660254037844388,99.0,94.0,175.5822837,302.1606526,202.1853311,162.6481385,89.99158947,0.029442922,3.265009092,1,998.4642149,643.0607544,0,0,0,55146,74.01
-0.4999999999999997,-0.8660254037844388,99.0,94.0,113.8013449,302.1606526,202.1853311,162.6481385,89.99158947,0.029442922,3.265009092,1,998.4642149,643.0607544,0,0,0,55146,74.01
-0.4999999999999997,-0.8660254037844388,99.0,94.0,68.27227535,302.1606526,202.1853311,162.6481385,89.99158947,0.029442922,3.265009092,1,998.4642149,643.0607544,0,0,0,55146,74.01
-0.4999999999999997,-0.8660254037844388,99.0,94.0,75.344704,302.1606526,202.1853311,162.6481385,89.99158947,0.029442922,3.265009092,1,998.4642149,643.0607544,0,0,0,55146,74.01
-0.4999999999999997,-0.8660254037844388,99.0,94.0,148.4487217,302.1606526,202.1853311,162.6481385,89.99158947,0.029442922,3.265009092,1,998.4642149,643.0607544,0,0,0,55146,74.01
-0.4999999999999997,-0.8660254037844388,99.0,94.0,94.66005576,302.1606526,202.1853311,162.6481385,89.99158947,0.029442922,3.265009092,1,998.4642149,643.0607544,0,0,0,55146,74.01
-0.4999999999999997,-0.8660254037844388,99.0,94.0,196.0190371,302.1606526,202.1853311,162.6481385,89.99158947,0.029442922,3.265009092,1,998.4642149,643.0607544,0,0,0,55146,74.01
-0.4999999999999997,-0.8660254037844388,99.0,94.0,84.0002175,302.1606526,202.1853311,162.6481385,89.99158947,0.029442922,3.265009092,1,998.4642149,643.0607544,0,0,0,55146,74.01
-0.4999999999999997,-0.8660254037844388,99.0,94.0,109.923411,302.1606526,202.1853311,162.6481385,89.99158947,0.029442922,3.265009092,1,998.4642149,643.0607544,0,0,0,55146,74.01
-0.4999999999999997,-0.8660254037844388,99.0,94.0,101.023783,302.1606526,202.1853311,162.6481385,89.99158947,0.029442922,3.265009092,1,998.4642149,643.0607544,0,0,0,55146,74.01
-0.4999999999999997,-0.8660254037844388,99.0,94.0,132.4430001,302.1606526,202.1853311,162.6481385,89.99158947,0.029442922,3.265009092,1,998.4642149,643.0607544,0,0,0,55146,74.01
-0.4999999999999997,-0.8660254037844388,99.0,94.0,135.3193241,302.1606526,202.1853311,162.6481385,89.99158947,0.029442922,3.265009092,1,998.4642149,643.0607544,0,0,0,55146,74.01
-0.4999999999999997,-0.8660254037844388,99.0,94.0,185.718414,302.1606526,202.1853311,162.6481385,89.99158947,0.029442922,3.265009092,1,998.4642149,643.0607544,0,0,0,55146,74.01
-0.4999999999999997,-0.8660254037844388,99.0,94.0,54.91109177,302.1606526,202.1853311,162.6481385,89.99158947,0.029442922,3.265009092,1,998.4642149,643.0607544,0,0,0,55146,74.01
-0.4999999999999997,-0.8660254037844388,99.0,94.0,60.32040486,302.1606526,202.1853311,162.6481385,89.99158947,0.029442922,3.265009092,1,998.4642149,643.0607544,0,0,0,55146,74.01
-0.4999999999999997,-0.8660254037844388,99.0,94.0,117.2958962,302.1606526,202.1853311,162.6481385,89.99158947,0.029442922,3.265009092,1,998.4642149,643.0607544,0,0,0,55146,74.01
-0.4999999999999997,-0.8660254037844388,99.0,94.0,86.83853659,302.1606526,202.1853311,162.6481385,89.99158947,0.029442922,3.265009092,1,998.4642149,643.0607544,0,0,0,55146,74.01
-0.4999999999999997,-0.8660254037844388,99.0,94.0,59.90788756,302.1606526,202.1853311,162.6481385,89.99158947,0.029442922,3.265009092,1,998.4642149,643.0607544,0,0,0,55146,74.01
-0.4999999999999997,-0.8660254037844388,99.0,94.0,152.7429704,302.1606526,202.1853311,162.6481385,89.99158947,0.029442922,3.265009092,1,998.4642149,643.0607544,0,0,0,55146,74.01
-0.4999999999999997,-0.8660254037844388,99.0,94.0,82.96181667,302.1606526,202.1853311,162.6481385,89.99158947,0.029442922,3.265009092,1,998.4642149,643.0607544,0,0,0,55146,74.01
-0.4999999999999997,-0.8660254037844388,99.0,94.0,171.1231488,302.1606526,202.1853311,162.6481385,89.99158947,0.029442922,3.265009092,1,998.4642149,643.0607544,0,0,0,55146,74.01
-0.4999999999999997,-0.8660254037844388,99.0,94.0,125.7660189,302.1606526,202.1853311,162.6481385,89.99158947,0.029442922,3.265009092,1,998.4642149,643.0607544,0,0,0,55146,74.01
-0.4999999999999997,-0.8660254037844388,99.0,94.0,159.603287,302.1606526,202.1853311,162.6481385,89.99158947,0.029442922,3.265009092,1,998.4642149,643.0607544,0,0,0,55146,74.01
-0.4999999999999997,-0.8660254037844388,99.0,94.0,53.36988289,302.1606526,202.1853311,162.6481385,89.99158947,0.029442922,3.265009092,1,998.4642149,643.0607544,0,0,0,55146,74.01
-0.4999999999999997,-0.8660254037844388,99.0,94.0,76.05726475,302.1606526,202.1853311,162.6481385,89.99158947,0.029442922,3.265009092,1,998.4642149,643.0607544,0,0,0,55146,74.01
-0.4999999999999997,-0.8660254037844388,99.0,94.0,89.07340273,302.1606526,202.1853311,162.6481385,89.99158947,0.029442922,3.265009092,1,998.4642149,643.0607544,0,0,0,55146,74.01
-0.4999999999999997,-0.8660254037844388,99.0,94.0,186.3892472,302.1606526,202.1853311,162.6481385,89.99158947,0.029442922,3.265009092,1,998.4642149,643.0607544,0,0,0,55146,74.01
-0.4999999999999997,-0.8660254037844388,99.0,94.0,124.5100157,302.1606526,202.1853311,162.6481385,89.99158947,0.029442922,3.265009092,1,998.4642149,643.0607544,0,0,0,55146,74.01
-0.4999999999999997,-0.8660254037844388,99.0,94.0,180.6467449,302.1606526,202.1853311,162.6481385,89.99158947,0.029442922,3.265009092,1,998.4642149,643.0607544,0,0,0,55146,74.01
-0.4999999999999997,-0.8660254037844388,99.0,94.0,72.24095249,302.1606526,202.1853311,162.6481385,89.99158947,0.029442922,3.265009092,1,998.4642149,643.0607544,0,0,0,55146,74.01
