date,datesin,datecos,storage,storage1,storage2,rainfall,rainfall1,rfquart,rfhalf,Inception_use_WR,Inception_use_P,Inception_use_Irr,Inception_use_FC,Capacity,Catchment_area,swc_pc_s,high_prec_freq,low_prec_dur,run_mm_syr,ele_mt_smx
01/12/1987,-2.45E-16,1,93,93,93,197.7659829,178.8182623,225.0075889,172.2071753,1,0,0,0,55146,74.01,100,0.027671233,3.223985891,998.4642149,643.0607544
01/01/1988,0.5,0.866025404,100,93,93,379.602975,197.7659829,252.0624067,217.8325321,1,0,0,0,55146,74.01,100,0.027671233,3.223985891,998.4642149,643.0607544
01/02/1988,0.866025404,0.5,96,100,93,184.0482915,379.602975,253.8057498,235.2782484,1,0,0,0,55146,74.01,100,0.027671233,3.223985891,998.4642149,643.0607544
01/03/1988,1,6.12E-17,100,96,100,260.1434232,184.0482915,274.5982299,249.8029094,1,0,0,0,55146,74.01,100,0.027671233,3.223985891,998.4642149,643.0607544
01/04/1988,0.866025404,-0.5,95,100,96,91.60374456,260.1434232,178.5984864,215.3304466,1,0,0,0,55146,74.01,99.82766989,0.027671233,3.223985891,998.4642149,643.0607544
01/05/1988,0.5,-0.866025404,89,95,100,128.2079283,91.60374456,159.985032,206.8953909,1,0,0,0,55146,74.01,96.3362497,0.027671233,3.223985891,998.4642149,643.0607544
01/06/1988,1.22E-16,-1,79,89,95,41.42372078,128.2079283,87.07846453,180.8383472,1,0,0,0,55146,74.01,89.99158947,0.027671233,3.223985891,998.4642149,643.0607544
01/07/1988,-0.5,-0.866025404,85,79,89,221.1889934,41.42372078,130.2735475,154.436017,1,0,0,0,55146,74.01,82.88949869,0.027671233,3.223985891,998.4642149,643.0607544
01/08/1988,-0.866025404,-0.5,96,85,79,231.5264991,221.1889934,164.7130711,162.3490516,1,0,0,0,55146,74.01,80.90665832,0.027671233,3.223985891,998.4642149,643.0607544
01/09/1988,-1,-1.84E-16,100,96,85,209.7425177,231.5264991,220.8193367,153.9489006,1,0,0,0,55146,74.01,86.73432821,0.027671233,3.223985891,998.4642149,643.0607544
01/10/1988,-0.866025404,0.5,78,100,96,190.4234118,209.7425177,210.5641429,170.4188452,1,0,0,0,55146,74.01,95.32783917,0.027671233,3.223985891,998.4642149,643.0607544
01/11/1988,-0.5,0.866025404,82,78,100,100.8551924,190.4234118,167.0070406,165.8600559,1,0,0,0,55146,74.01,99.3362497,0.027671233,3.223985891,998.4642149,643.0607544
01/12/1988,-2.45E-16,1,86,82,78,142.2962134,100.8551924,144.5249392,182.672138,1,0,0,0,55146,74.01,100,0.027671233,3.223985891,998.4642149,643.0607544
01/01/1989,0.5,0.866025404,93,86,82,136.9319965,142.2962134,126.6944674,168.6293052,1,0,0,0,55146,74.01,100,0.027671233,3.223985891,998.4642149,643.0607544
01/02/1989,0.866025404,0.5,100,93,86,300.3583902,136.9319965,193.1955334,180.101287,1,0,0,0,55146,74.01,100,0.027671233,3.223985891,998.4642149,643.0607544
01/03/1989,1,6.12E-17,100,100,93,282.8960024,300.3583902,240.0621297,192.2935345,1,0,0,0,55146,74.01,100,0.027671233,3.223985891,998.4642149,643.0607544
01/04/1989,0.866025404,-0.5,97,100,100,144.8843382,282.8960024,242.7129103,184.7036889,1,0,0,0,55146,74.01,99.82766989,0.027671233,3.223985891,998.4642149,643.0607544
01/05/1989,0.5,-0.866025404,85,97,100,35.23881639,144.8843382,154.339719,173.7676262,1,0,0,0,55146,74.01,96.3362497,0.027671233,3.223985891,998.4642149,643.0607544
01/06/1989,1.22E-16,-1,73,85,97,107.1613846,35.23881639,95.76151308,167.9118214,1,0,0,0,55146,74.01,89.99158947,0.027671233,3.223985891,998.4642149,643.0607544
01/07/1989,-0.5,-0.866025404,57,73,85,41.78645654,107.1613846,61.39555251,152.0542314,1,0,0,0,55146,74.01,82.88949869,0.027671233,3.223985891,998.4642149,643.0607544
01/08/1989,-0.866025404,-0.5,47,57,73,107.988036,41.78645654,85.64529238,119.9925057,1,0,0,0,55146,74.01,80.90665832,0.027671233,3.223985891,998.4642149,643.0607544
01/09/1989,-1,-1.84E-16,32,47,57,62.95416139,107.988036,70.90955131,83.33553219,1,0,0,0,55146,74.01,86.73432821,0.027671233,3.223985891,998.4642149,643.0607544
01/10/1989,-0.866025404,0.5,47,32,47,217.4463396,62.95416139,129.4628457,95.42919909,1,0,0,0,55146,74.01,95.32783917,0.027671233,3.223985891,998.4642149,643.0607544
01/11/1989,-0.5,0.866025404,57,47,32,148.3501374,217.4463396,142.9168795,114.2810859,1,0,0,0,55146,74.01,99.3362497,0.027671233,3.223985891,998.4642149,643.0607544
01/12/1989,-2.45E-16,1,84,57,47,283.9786614,148.3501374,216.5917128,143.7506321,1,0,0,0,55146,74.01,100,0.027671233,3.223985891,998.4642149,643.0607544
01/01/1990,0.5,0.866025404,100,84,57,432.655632,283.9786614,288.3281436,208.8954947,1,0,0,0,55146,74.01,100,0.027671233,3.223985891,998.4642149,643.0607544
01/02/1990,0.866025404,0.5,99,100,84,392.6679445,432.655632,369.7674127,256.3421461,1,0,0,0,55146,74.01,100,0.027671233,3.223985891,998.4642149,643.0607544
01/03/1990,1,6.12E-17,91,99,100,71.39773385,392.6679445,298.9071035,257.7494082,1,0,0,0,55146,74.01,100,0.027671233,3.223985891,998.4642149,643.0607544
01/04/1990,0.866025404,-0.5,83,91,99,79.47315852,71.39773385,181.1796123,234.753878,1,0,0,0,55146,74.01,99.82766989,0.027671233,3.223985891,998.4642149,643.0607544
01/05/1990,0.5,-0.866025404,72,83,91,44.86971334,79.47315852,65.24686857,217.5071406,1,0,0,0,55146,74.01,96.3362497,0.027671233,3.223985891,998.4642149,643.0607544
01/06/1990,1.22E-16,-1,65,72,83,123.7595488,44.86971334,82.70080688,190.8039552,1,0,0,0,55146,74.01,89.99158947,0.027671233,3.223985891,998.4642149,643.0607544
01/07/1990,-0.5,-0.866025404,58,65,72,65.66901832,123.7595488,78.09942681,129.6395196,1,0,0,0,55146,74.01,82.88949869,0.027671233,3.223985891,998.4642149,643.0607544
01/08/1990,-0.866025404,-0.5,45,58,65,104.607417,65.66901832,98.01199469,81.62943163,1,0,0,0,55146,74.01,80.90665832,0.027671233,3.223985891,998.4642149,643.0607544
01/09/1990,-1,-1.84E-16,39,45,58,100.4113123,104.607417,90.22924919,86.46502804,1,0,0,0,55146,74.01,86.73432821,0.027671233,3.223985891,998.4642149,643.0607544
01/10/1990,-0.866025404,0.5,56,39,45,232.4052155,100.4113123,145.8079816,111.9537042,1,0,0,0,55146,74.01,95.32783917,0.027671233,3.223985891,998.4642149,643.0607544
01/11/1990,-0.5,0.866025404,77,56,39,153.6344104,232.4052155,162.1503127,130.0811537,1,0,0,0,55146,74.01,99.3362497,0.027671233,3.223985891,998.4642149,643.0607544
01/12/1990,-2.45E-16,1,96,77,56,297.6925598,153.6344104,227.9107286,159.0699889,1,0,0,0,55146,74.01,100,0.027671233,3.223985891,998.4642149,643.0607544
01/01/1991,0.5,0.866025404,91,96,77,210.1072264,297.6925598,220.4780655,183.1430236,1,0,0,0,55146,74.01,100,0.027847989,3.232118742,998.4642149,643.0607544
01/02/1991,0.866025404,0.5,100,91,96,204.0753653,210.1072264,237.2917172,199.7210149,1,0,0,0,55146,74.01,100,0.027592955,3.236368276,998.4642149,643.0607544
01/03/1991,1,6.12E-17,99,100,91,166.5303569,204.0753653,193.5709829,210.7408557,1,0,0,0,55146,74.01,100,0.027945205,3.234805773,998.4642149,643.0607544
01/04/1991,0.866025404,-0.5,96,99,100,196.3510535,166.5303569,188.9855919,204.7318287,1,0,0,0,55146,74.01,99.82766989,0.027771689,3.24880683,998.4642149,643.0607544
01/05/1991,0.5,-0.866025404,88,96,99,13.47300887,196.3510535,125.4514731,181.3715951,1,0,0,0,55146,74.01,96.3362497,0.028236854,3.258642992,998.4642149,643.0607544
01/06/1991,1.22E-16,-1,86,88,96,195.6032195,13.47300887,135.1424273,164.3567051,1,0,0,0,55146,74.01,89.99158947,0.028429224,3.284021234,998.4642149,643.0607544
01/07/1991,-0.5,-0.866025404,83,86,88,164.7177666,195.6032195,124.5979983,156.7917951,1,0,0,0,55146,74.01,82.88949869,0.028245692,3.274115735,998.4642149,643.0607544
01/08/1991,-0.866025404,-0.5,85,83,86,74.42390269,164.7177666,144.914963,135.183218,1,0,0,0,55146,74.01,80.90665832,0.027998232,3.26625028,998.4642149,643.0607544
01/09/1991,-1,-1.84E-16,71,85,83,96.14026336,74.42390269,111.7606442,123.4515358,1,0,0,0,55146,74.01,86.73432821,0.028191781,3.299072769,998.4642149,643.0607544
01/10/1991,-0.866025404,0.5,82,71,85,193.2388513,96.14026336,121.2676724,122.9328354,1,0,0,0,55146,74.01,95.32783917,0.028652232,3.304487937,998.4642149,643.0607544
01/11/1991,-0.5,0.866025404,85,82,71,240.7180463,193.2388513,176.6990536,160.8070083,1,0,0,0,55146,74.01,99.3362497,0.028520548,3.309617911,998.4642149,643.0607544
01/12/1991,-2.45E-16,1,95,85,82,184.6196672,240.7180463,206.1921883,158.9764162,1,0,0,0,55146,74.01,100,0.028793637,3.34155314,998.4642149,643.0607544
01/01/1992,0.5,0.866025404,86,95,85,104.274083,184.6196672,176.5372655,148.902469,1,0,0,0,55146,74.01,100,0.029049934,3.356464458,998.4642149,643.0607544
01/02/1992,0.866025404,0.5,88,86,95,126.4513966,104.274083,138.4483823,157.573718,1,0,0,0,55146,74.01,100,0.029248937,3.362100387,998.4642149,643.0607544
01/03/1992,1,6.12E-17,100,88,86,233.0589707,126.4513966,154.5948168,180.3935025,1,0,0,0,55146,74.01,100,0.028996907,3.358795296,998.4642149,643.0607544
01/04/1992,0.866025404,-0.5,100,100,88,168.9702024,233.0589707,176.1601899,176.3487277,1,0,0,0,55146,74.01,99.82766989,0.028694064,3.339663234,998.4642149,643.0607544
01/05/1992,0.5,-0.866025404,94,100,100,115.8989515,168.9702024,172.6427082,155.5455452,1,0,0,0,55146,74.01,96.3362497,0.028590367,3.328755831,998.4642149,643.0607544
01/06/1992,1.22E-16,-1,89,94,100,98.56756082,115.8989515,127.8122382,141.2035275,1,0,0,0,55146,74.01,89.99158947,0.029123288,3.352048925,998.4642149,643.0607544
01/07/1992,-0.5,-0.866025404,80,89,94,131.1626733,98.56756082,115.2097285,145.6849592,1,0,0,0,55146,74.01,82.88949869,0.028864339,3.368683311,998.4642149,643.0607544
01/08/1992,-0.866025404,-0.5,96,80,89,286.0862289,131.1626733,171.938821,172.2907646,1,0,0,0,55146,74.01,80.90665832,0.028784799,3.360768577,998.4642149,643.0607544
01/09/1992,-1,-1.84E-16,93,96,80,163.0407366,286.0862289,193.4298796,160.6210589,1,0,0,0,55146,74.01,86.73432821,0.028657534,3.344382112,998.4642149,643.0607544
01/10/1992,-0.866025404,0.5,81,93,96,155.4055635,163.0407366,201.510843,158.3602858,1,0,0,0,55146,74.01,95.32783917,0.028404772,3.333551564,998.4642149,643.0607544
01/11/1992,-0.5,0.866025404,88,81,93,320.6384103,155.4055635,213.0282368,192.4835289,1,0,0,0,55146,74.01,99.3362497,0.028812785,3.337646061,998.4642149,643.0607544
01/12/1992,-2.45E-16,1,89,88,81,188.1418381,320.6384103,221.3952706,207.4125751,1,0,0,0,55146,74.01,100,0.029005745,3.344908716,998.4642149,643.0607544
01/01/1993,0.5,0.866025404,86,89,88,316.9156871,188.1418381,275.2319785,238.3714107,1,0,0,0,55146,74.01,100,0.029209015,3.365610943,998.4642149,643.0607544
01/02/1993,0.866025404,0.5,87,86,89,28.39460882,316.9156871,177.817378,195.4228074,1,0,0,0,55146,74.01,100,0.02927593,3.374777446,998.4642149,643.0607544
01/03/1993,1,6.12E-17,78,87,86,41.98687337,28.39460882,129.0990564,175.2471635,1,0,0,0,55146,74.01,100,0.029315068,3.379946393,998.4642149,643.0607544
01/04/1993,0.866025404,-0.5,87,78,87,188.8575476,41.98687337,86.41300994,180.8224942,1,0,0,0,55146,74.01,99.82766989,0.029342466,3.387468505,998.4642149,643.0607544
01/05/1993,0.5,-0.866025404,94,87,78,206.3042866,188.8575476,145.7162359,161.7668069,1,0,0,0,55146,74.01,96.3362497,0.030251878,3.407043924,998.4642149,643.0607544
01/06/1993,1.22E-16,-1,89,94,87,104.6401505,206.3042866,166.6006616,147.849859,1,0,0,0,55146,74.01,89.99158947,0.029917808,3.416114752,998.4642149,643.0607544
01/07/1993,-0.5,-0.866025404,81,89,94,151.1194391,104.6401505,154.0212921,120.217151,1,0,0,0,55146,74.01,82.88949869,0.029863014,3.42219367,998.4642149,643.0607544
01/08/1993,-0.866025404,-0.5,79,81,89,119.4266763,151.1194391,125.0620887,135.3891623,1,0,0,0,55146,74.01,80.90665832,0.029916041,3.373528708,998.4642149,643.0607544
01/09/1993,-1,-1.84E-16,73,79,81,161.3637066,119.4266763,143.9699407,155.2853011,1,0,0,0,55146,74.01,86.73432821,0.029863014,3.377061799,998.4642149,643.0607544
01/10/1993,-0.866025404,0.5,57,73,79,68.56925011,161.3637066,116.453211,135.2372516,1,0,0,0,55146,74.01,95.32783917,0.029695095,3.369998377,998.4642149,643.0607544
01/11/1993,-0.5,0.866025404,64,57,73,114.7224221,68.56925011,114.8851263,119.9736075,1,0,0,0,55146,74.01,99.3362497,0.029552511,3.366708875,998.4642149,643.0607544
01/12/1993,-2.45E-16,1,100,64,57,583.191247,114.7224221,255.4943064,199.7321236,1,0,0,0,55146,74.01,100,0.02894388,3.356255974,998.4642149,643.0607544
01/01/1994,0.5,0.866025404,100,100,64,325.070753,583.191247,340.9948074,228.7240092,1,0,0,0,55146,74.01,100,0.028828988,3.362805313,998.4642149,643.0607544
01/02/1994,0.866025404,0.5,100,100,100,191.572374,325.070753,366.611458,240.7482921,1,0,0,0,55146,74.01,100,0.028845401,3.331371108,998.4642149,643.0607544
01/03/1994,1,6.12E-17,100,100,100,311.6127741,191.572374,276.0853004,265.7898034,1,0,0,0,55146,74.01,100,0.029067609,3.29392113,998.4642149,643.0607544
01/04/1994,0.866025404,-0.5,94,100,100,193.618156,311.6127741,232.2677681,286.6312877,1,0,0,0,55146,74.01,99.82766989,0.028840183,3.273171334,998.4642149,643.0607544
01/05/1994,0.5,-0.866025404,87,94,100,67.81584312,193.618156,191.0155911,278.8135246,1,0,0,0,55146,74.01,96.3362497,0.02841361,3.258936208,998.4642149,643.0607544
01/06/1994,1.22E-16,-1,79,87,94,96.18123596,67.81584312,119.2050784,197.6451894,1,0,0,0,55146,74.01,89.99158947,0.028173516,3.266105425,998.4642149,643.0607544
01/07/1994,-0.5,-0.866025404,66,79,87,67.22922565,96.18123596,77.07543491,154.6716015,1,0,0,0,55146,74.01,82.88949869,0.027706584,3.270568182,998.4642149,643.0607544
01/08/1994,-0.866025404,-0.5,61,66,79,117.6985224,67.22922565,93.70299468,142.3592929,1,0,0,0,55146,74.01,80.90665832,0.02739726,3.268880548,998.4642149,643.0607544
01/09/1994,-1,-1.84E-16,69,61,66,189.001148,117.6985224,124.6429654,121.9240219,1,0,0,0,55146,74.01,86.73432821,0.027488584,3.275663708,998.4642149,643.0607544
01/10/1994,-0.866025404,0.5,65,69,61,173.5687541,189.001148,160.0894749,118.5824549,1,0,0,0,55146,74.01,95.32783917,0.027662395,3.283650316,998.4642149,643.0607544
01/11/1994,-0.5,0.866025404,83,65,69,194.2501218,173.5687541,185.6066746,139.6548347,1,0,0,0,55146,74.01,99.3362497,0.02690411,3.294630057,998.4642149,643.0607544
01/12/1994,-2.45E-16,1,100,83,65,492.8998375,194.2501218,286.9062378,205.7746016,1,0,0,0,55146,74.01,100,0.026813964,3.30935291,998.4642149,643.0607544
01/01/1995,0.5,0.866025404,99,100,83,386.7921827,492.8998375,357.980714,259.0350944,1,0,0,0,55146,74.01,100,0.026743261,3.308660224,998.4642149,643.0607544
01/02/1995,0.866025404,0.5,100,99,100,326.4631534,386.7921827,402.0517246,293.8291996,1,0,0,0,55146,74.01,100,0.02611546,3.285771581,998.4642149,643.0607544
01/03/1995,1,6.12E-17,97,100,99,135.2256865,326.4631534,282.8270075,284.8666227,1,0,0,0,55146,74.01,100,0.025665046,3.255666005,998.4642149,643.0607544
01/04/1995,0.866025404,-0.5,89,97,100,45.84001417,135.2256865,169.1762847,263.5784993,1,0,0,0,55146,74.01,99.82766989,0.026173516,3.282467425,998.4642149,643.0607544
01/05/1995,0.5,-0.866025404,81,89,97,110.7769174,45.84001417,97.28087269,249.6662986,1,0,0,0,55146,74.01,96.3362497,0.026266019,3.291761423,998.4642149,643.0607544
01/06/1995,1.22E-16,-1,69,81,89,29.34910006,110.7769174,61.98867721,172.4078424,1,0,0,0,55146,74.01,89.99158947,0.026547945,3.280962897,998.4642149,643.0607544
01/07/1995,-0.5,-0.866025404,59,69,81,107.9319655,29.34910006,82.68599434,125.9311395,1,0,0,0,55146,74.01,82.88949869,0.027026072,3.307395254,998.4642149,643.0607544
01/08/1995,-0.866025404,-0.5,36,59,69,18.88222881,107.9319655,52.05443147,74.66765208,1,0,0,0,55146,74.01,80.90665832,0.027105612,3.33573345,998.4642149,643.0607544
01/09/1995,-1,-1.84E-16,26,36,59,114.259615,18.88222881,80.35793646,71.17330683,1,0,0,0,55146,74.01,86.73432821,0.026885845,3.349055481,998.4642149,643.0607544
01/10/1995,-0.866025404,0.5,25,26,36,112.7520866,114.259615,81.96464347,82.3253189,1,0,0,0,55146,74.01,95.32783917,0.026672559,3.325843167,998.4642149,643.0607544
01/11/1995,-0.5,0.866025404,33,25,26,146.8394644,112.7520866,124.6170553,88.3357434,1,0,0,0,55146,74.01,99.3362497,0.026666667,3.333934331,998.4642149,643.0607544
01/12/1995,-2.45E-16,1,35,33,25,119.21798,146.8394644,126.2698437,103.3138901,1,0,0,0,55146,74.01,100,0.026831639,3.34903984,998.4642149,643.0607544
01/01/1996,0.5,0.866025404,45,35,33,84.14621022,119.21798,116.7345515,99.34959751,1,0,0,0,55146,74.01,100,0.027273531,3.372355872,998.4642149,643.0607544
01/02/1996,0.866025404,0.5,59,45,35,194.0054863,84.14621022,132.4565589,128.5368071,1,0,0,0,55146,74.01,100,0.027491734,3.367260357,998.4642149,643.0607544
01/03/1996,1,6.12E-17,64,59,45,98.81583008,194.0054863,125.6558422,125.9628429,1,0,0,0,55146,74.01,100,0.027485639,3.366608095,998.4642149,643.0607544
01/04/1996,0.866025404,-0.5,70,64,59,118.6184835,98.81583008,137.1466,126.9405758,1,0,0,0,55146,74.01,99.82766989,0.028073059,3.367034567,998.4642149,643.0607544
01/05/1996,0.5,-0.866025404,74,70,64,156.4751475,118.6184835,124.636487,128.546523,1,0,0,0,55146,74.01,96.3362497,0.028510826,3.365334576,998.4642149,643.0607544
01/06/1996,1.22E-16,-1,66,74,70,55.33675656,156.4751475,110.1434625,117.8996524,1,0,0,0,55146,74.01,89.99158947,0.028767123,3.351605419,998.4642149,643.0607544
01/07/1996,-0.5,-0.866025404,56,66,74,59.08869984,55.33675656,90.30020131,113.7234006,1,0,0,0,55146,74.01,82.88949869,0.028767123,3.36581065,998.4642149,643.0607544
01/08/1996,-0.866025404,-0.5,43,56,66,121.968605,59.08869984,78.79802046,101.7172538,1,0,0,0,55146,74.01,80.90665832,0.029173663,3.399226628,998.4642149,643.0607544
01/09/1996,-1,-1.84E-16,35,43,56,89.71842424,121.968605,90.25857636,100.2010195,1,0,0,0,55146,74.01,86.73432821,0.029543379,3.428430549,998.4642149,643.0607544
01/10/1996,-0.866025404,0.5,65,35,43,280.21723,89.71842424,163.9680864,127.1341439,1,0,0,0,55146,74.01,95.32783917,0.029041096,3.400660998,998.4642149,643.0607544
01/11/1996,-0.5,0.866025404,86,65,35,303.7183013,280.21723,224.5513185,151.6746695,1,0,0,0,55146,74.01,99.3362497,0.029369863,3.397394968,998.4642149,643.0607544
01/12/1996,-2.45E-16,1,81,86,65,79.34154515,303.7183013,221.0923588,155.6754676,1,0,0,0,55146,74.01,100,0.030207689,3.402280122,998.4642149,643.0607544
01/01/1997,0.5,0.866025404,71,81,86,12.85512339,79.34154515,131.9716566,147.9698715,1,0,0,0,55146,74.01,100,0.031489174,3.42661524,998.4642149,643.0607544
01/02/1997,0.866025404,0.5,100,71,81,442.184235,12.85512339,178.1269678,201.3391432,1,0,0,0,55146,74.01,100,0.031027397,3.412823271,998.4642149,643.0607544
01/03/1997,1,6.12E-17,95,100,71,97.018868,442.184235,184.0194088,202.5558838,1,0,0,0,55146,74.01,100,0.030631905,3.402135776,998.4642149,643.0607544
01/04/1997,0.866025404,-0.5,86,95,100,54.67658154,97.018868,197.9598948,164.9657757,1,0,0,0,55146,74.01,99.82766989,0.031205479,3.418109285,998.4642149,643.0607544
01/05/1997,0.5,-0.866025404,87,86,95,161.7840246,54.67658154,104.493158,141.3100629,1,0,0,0,55146,74.01,96.3362497,0.03085285,3.423841777,998.4642149,643.0607544
01/06/1997,1.22E-16,-1,90,87,86,178.0546648,161.7840246,131.5050903,157.7622495,1,0,0,0,55146,74.01,89.99158947,0.031105023,3.445767113,998.4642149,643.0607544
01/07/1997,-0.5,-0.866025404,75,90,87,50.16899791,178.0546648,130.0025624,163.9812286,1,0,0,0,55146,74.01,82.88949869,0.031400795,3.436344474,998.4642149,643.0607544
01/08/1997,-0.866025404,-0.5,65,75,90,125.8422138,50.16899791,118.0219588,111.2575584,1,0,0,0,55146,74.01,80.90665832,0.031506849,3.443343534,998.4642149,643.0607544
01/09/1997,-1,-1.84E-16,61,65,75,84.4866108,125.8422138,86.8326075,109.1688489,1,0,0,0,55146,74.01,86.73432821,0.031671233,3.454840234,998.4642149,643.0607544
01/10/1997,-0.866025404,0.5,59,61,65,121.2112061,84.4866108,110.5133436,120.257953,1,0,0,0,55146,74.01,95.32783917,0.032231551,3.482394045,998.4642149,643.0607544
01/11/1997,-0.5,0.866025404,67,59,61,160.9529958,121.2112061,122.2169376,120.1194482,1,0,0,0,55146,74.01,99.3362497,0.032365297,3.487387355,998.4642149,643.0607544
01/12/1997,-2.45E-16,1,100,67,59,276.0019556,160.9529958,186.0553859,136.4439967,1,0,0,0,55146,74.01,100,0.032620415,3.476716715,998.4642149,643.0607544
01/01/1998,0.5,0.866025404,93,100,67,360.6499222,276.0019556,265.8682912,188.1908174,1,0,0,0,55146,74.01,100,0.033053469,3.485692807,998.4642149,643.0607544
01/02/1998,0.866025404,0.5,87,93,100,73.59487814,360.6499222,236.7489186,179.4829281,1,0,0,0,55146,74.01,100,0.034197652,3.511987978,998.4642149,643.0607544
01/03/1998,1,6.12E-17,100,87,93,258.12055,73.59487814,230.7884501,208.421918,1,0,0,0,55146,74.01,100,0.034352629,3.527319715,998.4642149,643.0607544
01/04/1998,0.866025404,-0.5,97,100,87,222.2602843,258.12055,184.6585708,225.263431,1,0,0,0,55146,74.01,99.82766989,0.033908676,3.535387835,998.4642149,643.0607544
01/05/1998,0.5,-0.866025404,95,97,100,48.51405847,222.2602843,176.2982976,206.5236081,1,0,0,0,55146,74.01,96.3362497,0.033804684,3.528568377,998.4642149,643.0607544
01/06/1998,1.22E-16,-1,93,95,97,215.6729959,48.51405847,162.1491129,196.4687815,1,0,0,0,55146,74.01,89.99158947,0.033844749,3.509697845,998.4642149,643.0607544
01/07/1998,-0.5,-0.866025404,90,93,95,124.9043484,215.6729959,129.6971342,157.1778525,1,0,0,0,55146,74.01,82.88949869,0.033795846,3.507963914,998.4642149,643.0607544
01/08/1998,-0.866025404,-0.5,81,90,93,125.6217336,124.9043484,155.3996926,165.8489951,1,0,0,0,55146,74.01,80.90665832,0.034131684,3.507659933,998.4642149,643.0607544
01/09/1998,-1,-1.84E-16,83,81,90,191.1516851,125.6217336,147.2259224,154.6875176,1,0,0,0,55146,74.01,86.73432821,0.034164384,3.507480407,998.4642149,643.0607544
01/10/1998,-0.866025404,0.5,100,83,81,454.4420175,191.1516851,257.0718121,193.3844732,1,0,0,0,55146,74.01,95.32783917,0.034750331,3.502788945,998.4642149,643.0607544
01/11/1998,-0.5,0.866025404,93,100,83,203.5708869,454.4420175,283.0548631,219.2272779,1,0,0,0,55146,74.01,99.3362497,0.034173516,3.481798119,998.4642149,643.0607544
01/12/1998,-2.45E-16,1,100,93,100,211.3829922,203.5708869,289.7986322,218.5122773,1,0,0,0,55146,74.01,100,0.03402563,3.46885925,998.4642149,643.0607544
01/01/1999,0.5,0.866025404,99,100,93,421.6601899,211.3829922,278.8713563,267.9715842,1,0,0,0,55146,74.01,100,0.033247901,3.466990642,998.4642149,643.0607544
01/02/1999,0.866025404,0.5,100,99,100,167.8114814,421.6601899,266.9515545,275.0032088,1,0,0,0,55146,74.01,100,0.032857143,3.46732916,998.4642149,643.0607544
01/03/1999,1,6.12E-17,97,100,99,173.1960521,167.8114814,254.2225744,272.0106033,1,0,0,0,55146,74.01,100,0.032832523,3.479651586,998.4642149,643.0607544
01/04/1999,0.866025404,-0.5,98,97,100,157.4982283,173.1960521,166.1685872,222.5199718,1,0,0,0,55146,74.01,99.82766989,0.032593607,3.475581244,998.4642149,643.0607544
01/05/1999,0.5,-0.866025404,96,98,97,141.2327507,157.4982283,157.3090104,212.1302824,1,0,0,0,55146,74.01,96.3362497,0.032045957,3.467398753,998.4642149,643.0607544
01/06/1999,1.22E-16,-1,87,96,98,85.73845971,141.2327507,128.1564796,191.189527,1,0,0,0,55146,74.01,89.99158947,0.031780822,3.462398021,998.4642149,643.0607544
01/07/1999,-0.5,-0.866025404,82,87,96,58.23299358,85.73845971,95.068068,130.6183276,1,0,0,0,55146,74.01,82.88949869,0.031710119,3.439655895,998.4642149,643.0607544
01/08/1999,-0.866025404,-0.5,66,82,87,150.8407553,58.23299358,98.2707362,127.7898733,1,0,0,0,55146,74.01,80.90665832,0.031436147,3.421890446,998.4642149,643.0607544
01/09/1999,-1,-1.84E-16,81,66,82,222.241109,150.8407553,143.7716193,135.9640494,1,0,0,0,55146,74.01,86.73432821,0.031378995,3.418066912,998.4642149,643.0607544
01/10/1999,-0.866025404,0.5,76,81,66,200.5262913,222.241109,191.2027185,143.1353933,1,0,0,0,55146,74.01,95.32783917,0.031020769,3.412275252,998.4642149,643.0607544
01/11/1999,-0.5,0.866025404,82,76,81,206.5222473,200.5262913,209.7632158,154.016976,1,0,0,0,55146,74.01,99.3362497,0.032054795,3.418572775,998.4642149,643.0607544
01/12/1999,-2.45E-16,1,99,82,76,448.0041679,206.5222473,285.0175688,214.3945941,1,0,0,0,55146,74.01,100,0.031250552,3.386989123,998.4642149,643.0607544
01/01/2000,0.5,0.866025404,96,99,82,227.2040315,448.0041679,293.9101489,242.5564337,1,0,0,0,55146,74.01,100,0.031312417,3.390355451,998.4642149,643.0607544
01/02/2000,0.866025404,0.5,96,96,99,264.0341586,227.2040315,313.080786,261.4220009,1,0,0,0,55146,74.01,100,0.032102031,3.393176556,998.4642149,643.0607544
01/03/2000,1,6.12E-17,95,96,96,118.0760489,264.0341586,203.1047463,244.0611576,1,0,0,0,55146,74.01,100,0.03199293,3.389935708,998.4642149,643.0607544
01/04/2000,0.866025404,-0.5,99,95,96,173.653848,118.0760489,185.2546852,239.582417,1,0,0,0,55146,74.01,99.82766989,0.03147032,3.395052112,998.4642149,643.0607544
01/05/2000,0.5,-0.866025404,95,99,95,120.502366,173.653848,137.4107543,225.2457701,1,0,0,0,55146,74.01,96.3362497,0.030729121,3.370033973,998.4642149,643.0607544
01/06/2000,1.22E-16,-1,98,95,99,175.8088853,120.502366,156.6550331,179.8798897,1,0,0,0,55146,74.01,89.99158947,0.030347032,3.351109068,998.4642149,643.0607544
01/07/2000,-0.5,-0.866025404,93,98,95,74.69855335,175.8088853,123.6699349,154.46231,1,0,0,0,55146,74.01,82.88949869,0.030181175,3.344382907,998.4642149,643.0607544
01/08/2000,-0.866025404,-0.5,89,93,98,133.5483653,74.69855335,128.0186013,132.7146778,1,0,0,0,55146,74.01,80.90665832,0.029880689,3.331550253,998.4642149,643.0607544
01/09/2000,-1,-1.84E-16,99,89,93,255.9973935,133.5483653,154.748104,155.7015686,1,0,0,0,55146,74.01,86.73432821,0.029415525,3.325182943,998.4642149,643.0607544
01/10/2000,-0.866025404,0.5,100,99,89,436.9239725,255.9973935,275.4899104,199.5799226,1,0,0,0,55146,74.01,95.32783917,0.029288555,3.320100963,998.4642149,643.0607544
01/11/2000,-0.5,0.866025404,100,100,99,439.0504705,436.9239725,377.3239455,252.6712734,1,0,0,0,55146,74.01,99.3362497,0.028821918,3.302270033,998.4642149,643.0607544
01/12/2000,-2.45E-16,1,93,100,100,365.0331196,439.0504705,413.6691875,284.2086458,1,0,0,0,55146,74.01,100,0.027936368,3.284961208,998.4642149,643.0607544
01/01/2001,0.5,0.866025404,93,93,100,101.3580617,365.0331196,301.8138839,288.6518972,1,0,0,0,55146,74.01,100,0.02731772,3.282732731,998.4642149,643.0607544
01/02/2001,0.866025404,0.5,98,93,93,190.5450943,101.3580617,218.9787586,298.151352,1,0,0,0,55146,74.01,100,0.02741683,3.281421711,998.4642149,643.0607544
01/03/2001,1,6.12E-17,100,98,93,130.7882426,190.5450943,140.8971329,277.2831602,1,0,0,0,55146,74.01,100,0.027247017,3.288493946,998.4642149,643.0607544
01/04/2001,0.866025404,-0.5,99,100,98,190.4338469,130.7882426,170.5890613,236.2014726,1,0,0,0,55146,74.01,99.82766989,0.02743379,3.267459133,998.4642149,643.0607544
01/05/2001,0.5,-0.866025404,90,99,100,82.15071955,190.4338469,134.457603,176.7181808,1,0,0,0,55146,74.01,96.3362497,0.027432612,3.249594111,998.4642149,643.0607544
01/06/2001,1.22E-16,-1,80,90,99,71.00580512,82.15071955,114.5301238,127.7136284,1,0,0,0,55146,74.01,89.99158947,0.027853881,3.241139428,998.4642149,643.0607544
01/07/2001,-0.5,-0.866025404,79,80,90,145.1890693,71.00580512,99.44853131,135.0187963,1,0,0,0,55146,74.01,82.88949869,0.02800707,3.264242993,998.4642149,643.0607544
01/08/2001,-0.866025404,-0.5,74,79,80,142.1131987,145.1890693,119.4360244,126.9468137,1,0,0,0,55146,74.01,80.90665832,0.028068935,3.268732833,998.4642149,643.0607544
01/09/2001,-1,-1.84E-16,71,74,79,158.170624,142.1131987,148.490964,131.5105439,1,0,0,0,55146,74.01,86.73432821,0.027899543,3.227893626,998.4642149,643.0607544
01/10/2001,-0.866025404,0.5,86,71,74,256.7864734,158.170624,185.6900987,142.569315,1,0,0,0,55146,74.01,95.32783917,0.027741935,3.229228728,998.4642149,643.0607544
01/11/2001,-0.5,0.866025404,91,86,71,187.6032643,256.7864734,200.8534539,160.1447391,1,0,0,0,55146,74.01,99.3362497,0.027936073,3.229645221,998.4642149,643.0607544
01/12/2001,-2.45E-16,1,88,91,86,138.2774374,187.6032643,194.2223917,171.3566778,1,0,0,0,55146,74.01,100,0.02752099,3.211107619,998.4642149,643.0607544
01/01/2002,0.5,0.866025404,100,88,91,329.7101085,138.2774374,218.5302701,202.1101844,1,0,0,0,55146,74.01,100,0.027326558,3.201510458,998.4642149,643.0607544
01/02/2002,0.866025404,0.5,100,100,88,550.1057598,329.7101085,339.3644352,270.1089446,1,0,0,0,55146,74.01,100,0.02646771,3.187488108,998.4642149,643.0607544
01/03/2002,1,6.12E-17,100,100,100,104.7600588,550.1057598,328.1919757,261.2071837,1,0,0,0,55146,74.01,100,0.026849315,3.200395913,998.4642149,643.0607544
01/04/2002,0.866025404,-0.5,94,100,100,152.0525465,104.7600588,268.9727884,243.7515292,1,0,0,0,55146,74.01,99.82766989,0.027031963,3.218774947,998.4642149,643.0607544
01/05/2002,0.5,-0.866025404,99,94,100,165.5677759,152.0525465,140.7934604,240.0789478,1,0,0,0,55146,74.01,96.3362497,0.026875829,3.215651777,998.4642149,643.0607544
01/06/2002,1.22E-16,-1,95,99,94,123.0146768,165.5677759,146.878333,237.5351544,1,0,0,0,55146,74.01,89.99158947,0.026191781,3.199820095,998.4642149,643.0607544
01/07/2002,-0.5,-0.866025404,90,95,99,84.49415456,123.0146768,124.3588691,196.6658287,1,0,0,0,55146,74.01,82.88949869,0.026186478,3.201895772,998.4642149,643.0607544
01/08/2002,-0.866025404,-0.5,77,90,95,75.01372715,84.49415456,94.17418617,117.4838233,1,0,0,0,55146,74.01,80.90665832,0.02597437,3.216075876,998.4642149,643.0607544
01/09/2002,-1,-1.84E-16,62,77,90,51.99629954,75.01372715,70.50139375,108.6898634,1,0,0,0,55146,74.01,86.73432821,0.026840183,3.234920992,998.4642149,643.0607544
01/10/2002,-0.866025404,0.5,86,62,77,312.3203683,51.99629954,146.443465,135.401167,1,0,0,0,55146,74.01,95.32783917,0.02699072,3.261804779,998.4642149,643.0607544
01/11/2002,-0.5,0.866025404,99,86,62,262.4142333,312.3203683,208.9103004,151.5422433,1,0,0,0,55146,74.01,99.3362497,0.026630137,3.256551957,998.4642149,643.0607544
01/12/2002,-2.45E-16,1,99,99,86,243.6414844,262.4142333,272.7920287,171.6467112,1,0,0,0,55146,74.01,100,0.026619532,3.261401221,998.4642149,643.0607544
01/01/2003,0.5,0.866025404,94,99,99,181.2962338,243.6414844,229.1173172,187.7803911,1,0,0,0,55146,74.01,100,0.026248343,3.248940342,998.4642149,643.0607544
01/02/2003,0.866025404,0.5,92,94,99,87.30230583,181.2962338,170.7466747,189.8284875,1,0,0,0,55146,74.01,100,0.025870841,3.235634563,998.4642149,643.0607544
01/03/2003,1,6.12E-17,94,92,94,145.6018106,87.30230583,138.0667834,205.429406,1,0,0,0,55146,74.01,100,0.025815289,3.241937807,998.4642149,643.0607544
01/04/2003,0.866025404,-0.5,90,94,92,128.2315547,145.6018106,120.3785571,174.7479371,1,0,0,0,55146,74.01,99.82766989,0.026374429,3.285634545,998.4642149,643.0607544
01/05/2003,0.5,-0.866025404,97,90,94,237.0122804,128.2315547,170.2818819,170.5142783,1,0,0,0,55146,74.01,96.3362497,0.026062749,3.284618498,998.4642149,643.0607544
01/06/2003,1.22E-16,-1,87,97,90,93.84265465,237.0122804,153.0288299,145.5478067,1,0,0,0,55146,74.01,89.99158947,0.02656621,3.276632551,998.4642149,643.0607544
01/07/2003,-0.5,-0.866025404,82,87,97,145.9715345,93.84265465,158.9421565,139.6603568,1,0,0,0,55146,74.01,82.88949869,0.026752099,3.258471422,998.4642149,643.0607544
01/08/2003,-0.866025404,-0.5,70,82,87,36.5200383,145.9715345,92.11140917,131.1966455,1,0,0,0,55146,74.01,80.90665832,0.026928856,3.290888571,998.4642149,643.0607544
01/09/2003,-1,-1.84E-16,59,70,82,71.99059529,36.5200383,84.82738938,118.9281097,1,0,0,0,55146,74.01,86.73432821,0.027378995,3.311730034,998.4642149,643.0607544
01/10/2003,-0.866025404,0.5,60,59,70,151.6390434,71.99059529,86.71655899,122.8293578,1,0,0,0,55146,74.01,95.32783917,0.027671233,3.319850576,998.4642149,643.0607544
01/11/2003,-0.5,0.866025404,64,60,59,166.3585043,151.6390434,129.9960476,111.0537284,1,0,0,0,55146,74.01,99.3362497,0.027342466,3.298575136,998.4642149,643.0607544
01/12/2003,-2.45E-16,1,86,64,60,222.670746,166.3585043,180.2227646,132.525077,1,0,0,0,55146,74.01,100,0.026875829,3.310694863,998.4642149,643.0607544
01/01/2004,0.5,0.866025404,99,86,64,286.953554,222.670746,225.3276014,156.0220802,1,0,0,0,55146,74.01,100,0.026601856,3.315340275,998.4642149,643.0607544
01/02/2004,0.866025404,0.5,92,99,86,174.9009546,286.953554,228.1750849,179.0855663,1,0,0,0,55146,74.01,100,0.026556448,3.340956684,998.4642149,643.0607544
01/03/2004,1,6.12E-17,99,92,99,150.0194624,174.9009546,203.9579904,192.0903775,1,0,0,0,55146,74.01,100,0.026522316,3.367588038,998.4642149,643.0607544
01/04/2004,0.866025404,-0.5,95,99,92,130.2370722,150.0194624,151.7191631,188.5233823,1,0,0,0,55146,74.01,99.82766989,0.027378995,3.372323049,998.4642149,643.0607544
01/05/2004,0.5,-0.866025404,88,95,99,72.34193232,130.2370722,117.5328223,172.8539536,1,0,0,0,55146,74.01,96.3362497,0.027300044,3.365681309,998.4642149,643.0607544
01/06/2004,1.22E-16,-1,73,88,95,87.67863745,72.34193232,96.75254731,150.3552688,1,0,0,0,55146,74.01,89.99158947,0.027424658,3.373509626,998.4642149,643.0607544
01/07/2004,-0.5,-0.866025404,68,73,88,97.09723772,87.67863745,85.70593583,118.7125495,1,0,0,0,55146,74.01,82.88949869,0.027123288,3.339577962,998.4642149,643.0607544
01/08/2004,-0.866025404,-0.5,67,68,73,170.6937965,97.09723772,118.4898906,118.0113564,1,0,0,0,55146,74.01,80.90665832,0.027026072,3.310206273,998.4642149,643.0607544
01/09/2004,-1,-1.84E-16,78,67,68,214.8736944,170.6937965,160.8882429,128.8203951,1,0,0,0,55146,74.01,86.73432821,0.026703196,3.314946777,998.4642149,643.0607544
01/10/2004,-0.866025404,0.5,94,78,67,353.0685232,214.8736944,246.2120047,165.9589703,1,0,0,0,55146,74.01,95.32783917,0.02678745,3.299109875,998.4642149,643.0607544
01/11/2004,-0.5,0.866025404,85,94,78,124.1220055,353.0685232,230.6880743,174.5889825,1,0,0,0,55146,74.01,99.3362497,0.027515982,3.298535045,998.4642149,643.0607544
01/12/2004,-2.45E-16,1,100,85,94,202.6655646,124.1220055,226.6186977,193.7534703,1,0,0,0,55146,74.01,100,0.027627044,3.307549442,998.4642149,643.0607544
01/01/2005,0.5,0.866025404,99,100,85,253.8606076,202.6655646,193.5493925,219.8806986,1,0,0,0,55146,74.01,100,0.027450287,3.302536717,998.4642149,643.0607544
01/02/2005,0.866025404,0.5,97,99,100,144.2818539,253.8606076,200.269342,215.4787082,1,0,0,0,55146,74.01,100,0.028561644,3.320266362,998.4642149,643.0607544
01/03/2005,1,6.12E-17,97,97,99,100.0962568,144.2818539,166.0795728,196.3491353,1,0,0,0,55146,74.01,100,0.029801149,3.32208773,998.4642149,643.0607544
01/04/2005,0.866025404,-0.5,98,97,97,179.667816,100.0962568,141.3486423,167.4490174,1,0,0,0,55146,74.01,99.82766989,0.029269406,3.278929999,998.4642149,643.0607544
01/05/2005,0.5,-0.866025404,94,98,97,102.6413939,179.667816,127.4684889,163.8689155,1,0,0,0,55146,74.01,96.3362497,0.028325232,3.262537981,998.4642149,643.0607544
01/06/2005,1.22E-16,-1,84,94,98,105.2481348,102.6413939,129.1857816,147.6326772,1,0,0,0,55146,74.01,89.99158947,0.02830137,3.264586814,998.4642149,643.0607544
01/07/2005,-0.5,-0.866025404,75,84,94,90.17727817,105.2481348,99.35560228,120.3521223,1,0,0,0,55146,74.01,82.88949869,0.027768449,3.247571065,998.4642149,643.0607544
01/08/2005,-0.866025404,-0.5,63,75,84,90.38404185,90.17727817,95.26981827,111.3691536,1,0,0,0,55146,74.01,80.90665832,0.027326558,3.2394316,998.4642149,643.0607544
01/09/2005,-1,-1.84E-16,56,63,75,156.3893714,90.38404185,112.3168971,120.7513394,1,0,0,0,55146,74.01,86.73432821,0.027634703,3.244946948,998.4642149,643.0607544
01/10/2005,-0.866025404,0.5,82,56,63,257.9423094,156.3893714,168.2385742,133.7970882,1,0,0,0,55146,74.01,95.32783917,0.027467963,3.244630924,998.4642149,643.0607544
01/11/2005,-0.5,0.866025404,88,82,56,310.0898679,257.9423094,241.4738496,168.3718339,1,0,0,0,55146,74.01,99.3362497,0.02652968,3.219411228,998.4642149,643.0607544
01/12/2005,-2.45E-16,1,85,88,82,143.1371987,310.0898679,237.0564587,174.6866779,1,0,0,0,55146,74.01,100,0.026433937,3.21407851,998.4642149,643.0607544
01/01/2006,0.5,0.866025404,91,85,88,69.22808318,143.1371987,174.1517166,171.1951454,1,0,0,0,55146,74.01,100,0.026416262,3.223160494,998.4642149,643.0607544
01/02/2006,0.866025404,0.5,90,91,85,116.8209638,69.22808318,109.7287486,175.6012991,1,0,0,0,55146,74.01,100,0.026418787,3.240513391,998.4642149,643.0607544
01/03/2006,1,6.12E-17,100,90,91,333.6479437,116.8209638,173.2323303,205.1443945,1,0,0,0,55146,74.01,100,0.026080424,3.232953794,998.4642149,643.0607544
01/04/2006,0.866025404,-0.5,98,100,90,100.291878,333.6479437,183.5869285,178.8693226,1,0,0,0,55146,74.01,99.82766989,0.025461187,3.235621948,998.4642149,643.0607544
01/05/2006,0.5,-0.866025404,98,98,100,244.0219123,100.291878,225.9872447,167.8579966,1,0,0,0,55146,74.01,96.3362497,0.025514803,3.240928027,998.4642149,643.0607544
01/06/2006,1.22E-16,-1,86,98,98,45.53726623,244.0219123,129.9503522,151.5913412,1,0,0,0,55146,74.01,89.99158947,0.025479452,3.254867468,998.4642149,643.0607544
01/07/2006,-0.5,-0.866025404,72,86,98,65.93571982,45.53726623,118.4982995,151.042614,1,0,0,0,55146,74.01,82.88949869,0.025479452,3.257299778,998.4642149,643.0607544
01/08/2006,-0.866025404,-0.5,64,72,86,145.3331268,65.93571982,85.60203761,155.7946412,1,0,0,0,55146,74.01,80.90665832,0.025240831,3.25075796,998.4642149,643.0607544
01/09/2006,-1,-1.84E-16,59,64,72,120.7632075,145.3331268,110.6773514,120.3138518,1,0,0,0,55146,74.01,86.73432821,0.025351598,3.221005637,998.4642149,643.0607544
01/10/2006,-0.866025404,0.5,77,59,64,283.5816015,120.7632075,183.2259786,150.862139,1,0,0,0,55146,74.01,95.32783917,0.025399912,3.217752291,998.4642149,643.0607544
01/11/2006,-0.5,0.866025404,95,77,59,279.3442218,283.5816015,227.8963436,156.7491906,1,0,0,0,55146,74.01,99.3362497,0.025561644,3.236135974,998.4642149,643.0607544
01/12/2006,-2.45E-16,1,99,95,77,500.5250695,279.3442218,354.483631,232.5804912,1,0,0,0,55146,74.01,100,0.025673884,3.224003679,998.4642149,643.0607544
01/01/2007,0.5,0.866025404,93,99,95,424.5907453,500.5250695,401.4866789,292.3563288,1,0,0,0,55146,74.01,100,0.025665046,3.198664275,998.4642149,643.0607544
01/02/2007,0.866025404,0.5,100,93,99,213.408353,424.5907453,379.508056,303.7021998,1,0,0,0,55146,74.01,100,0.025812133,3.207203438,998.4642149,643.0607544
01/03/2007,1,6.12E-17,97,100,93,150.5350256,213.408353,262.844708,308.6641695,1,0,0,0,55146,74.01,100,0.025992046,3.199351073,998.4642149,643.0607544
01/04/2007,0.866025404,-0.5,88,97,100,26.74261552,150.5350256,130.2286647,265.8576718,1,0,0,0,55146,74.01,99.82766989,0.02596347,3.195155726,998.4642149,643.0607544
01/05/2007,0.5,-0.866025404,85,88,97,149.9301226,26.74261552,109.0692546,244.2886553,1,0,0,0,55146,74.01,96.3362497,0.025912506,3.209700534,998.4642149,643.0607544
01/06/2007,1.22E-16,-1,94,85,88,239.5370814,149.9301226,138.7366065,200.7906572,1,0,0,0,55146,74.01,89.99158947,0.026054795,3.200272644,998.4642149,643.0607544
01/07/2007,-0.5,-0.866025404,96,94,85,243.5928584,239.5370814,211.0200208,170.6243428,1,0,0,0,55146,74.01,82.88949869,0.026142289,3.20036727,998.4642149,643.0607544
01/08/2007,-0.866025404,-0.5,95,96,94,81.99152943,243.5928584,188.3738231,148.7215388,1,0,0,0,55146,74.01,80.90665832,0.026557667,3.205278629,998.4642149,643.0607544
01/09/2007,-1,-1.84E-16,90,95,96,177.6377842,81.99152943,167.740724,153.2386653,1,0,0,0,55146,74.01,86.73432821,0.026356164,3.226803188,998.4642149,643.0607544
01/10/2007,-0.866025404,0.5,75,90,95,77.92837429,177.6377842,112.5192293,161.7696251,1,0,0,0,55146,74.01,95.32783917,0.026168802,3.206760352,998.4642149,643.0607544
01/11/2007,-0.5,0.866025404,83,75,90,160.3542088,77.92837429,138.6401224,163.5069728,1,0,0,0,55146,74.01,99.3362497,0.025936073,3.214170921,998.4642149,643.0607544
01/12/2007,-2.45E-16,1,99,83,75,291.3266,160.3542088,176.5363944,172.1385592,1,0,0,0,55146,74.01,100,0.02630137,3.2177705,998.4642149,643.0607544
01/01/2008,0.5,0.866025404,100,99,83,482.1025812,291.3266,311.26113,211.8901797,1,0,0,0,55146,74.01,100,0.026743261,3.227606016,998.4642149,643.0607544
01/02/2008,0.866025404,0.5,100,100,99,153.675692,482.1025812,309.0349577,223.8375401,1,0,0,0,55146,74.01,100,0.026802078,3.2088376,998.4642149,643.0607544
01/03/2008,1,6.12E-17,100,100,100,250.6477337,153.675692,295.4753356,236.005865,1,0,0,0,55146,74.01,100,0.026531153,3.198468854,998.4642149,643.0607544
01/04/2008,0.866025404,-0.5,99,100,100,137.8315139,250.6477337,180.7183132,245.9897216,1,0,0,0,55146,74.01,99.82766989,0.027068493,3.185172909,998.4642149,643.0607544
01/05/2008,0.5,-0.866025404,90,99,100,26.74551172,137.8315139,138.4082531,223.7216054,1,0,0,0,55146,74.01,96.3362497,0.026866991,3.178824214,998.4642149,643.0607544
01/06/2008,1.22E-16,-1,89,90,99,163.1729885,26.74551172,109.2500047,202.3626702,1,0,0,0,55146,74.01,89.99158947,0.027123288,3.184578821,998.4642149,643.0607544
01/07/2008,-0.5,-0.866025404,90,89,90,177.0787969,163.1729885,122.3324324,151.5253728,1,0,0,0,55146,74.01,82.88949869,0.027238179,3.168356028,998.4642149,643.0607544
01/08/2008,-0.866025404,-0.5,94,90,89,201.9186853,177.0787969,180.7234902,159.5658717,1,0,0,0,55146,74.01,80.90665832,0.026981882,3.168273969,998.4642149,643.0607544
01/09/2008,-1,-1.84E-16,91,94,90,267.2915708,201.9186853,215.4296843,162.3398445,1,0,0,0,55146,74.01,86.73432821,0.027050228,3.16522129,998.4642149,643.0607544
01/10/2008,-0.866025404,0.5,100,91,94,370.1604033,267.2915708,279.7902198,201.0613261,1,0,0,0,55146,74.01,95.32783917,0.027406098,3.162053732,998.4642149,643.0607544
01/11/2008,-0.5,0.866025404,93,100,91,172.5296162,370.1604033,269.9938634,225.3586768,1,0,0,0,55146,74.01,99.3362497,0.027232877,3.153585703,998.4642149,643.0607544
01/12/2008,-2.45E-16,1,90,93,100,138.966952,172.5296162,227.2189905,221.3243374,1,0,0,0,55146,74.01,100,0.027406098,3.152121007,998.4642149,643.0607544
01/01/2009,0.5,0.866025404,100,90,93,236.1345986,138.966952,182.5437223,231.1669711,1,0,0,0,55146,74.01,100,0.027883341,3.180531038,998.4642149,643.0607544
01/02/2009,0.866025404,0.5,92,100,90,30.45033072,236.1345986,135.1839605,202.588912,1,0,0,0,55146,74.01,100,0.027808219,3.188393222,998.4642149,643.0607544
01/03/2009,1,6.12E-17,94,92,100,118.966829,30.45033072,128.5172528,177.8681217,1,0,0,0,55146,74.01,100,0.027954043,3.213711617,998.4642149,643.0607544
01/04/2009,0.866025404,-0.5,85,94,92,102.2393377,118.966829,83.88549912,133.2146107,1,0,0,0,55146,74.01,99.82766989,0.028191781,3.233691932,998.4642149,643.0607544
01/05/2009,0.5,-0.866025404,85,85,94,95.96742255,102.2393377,105.7245297,120.4542451,1,0,0,0,55146,74.01,96.3362497,0.028245692,3.226301989,998.4642149,643.0607544
01/06/2009,1.22E-16,-1,74,85,85,88.46345536,95.96742255,95.55673852,112.0369956,1,0,0,0,55146,74.01,89.99158947,0.028182648,3.229313307,998.4642149,643.0607544
01/07/2009,-0.5,-0.866025404,78,74,85,218.9444812,88.46345536,134.458453,109.1719761,1,0,0,0,55146,74.01,82.88949869,0.028042422,3.212536375,998.4642149,643.0607544
01/08/2009,-0.866025404,-0.5,77,78,74,152.4329828,218.9444812,153.2803065,129.5024181,1,0,0,0,55146,74.01,80.90665832,0.027671233,3.202143146,998.4642149,643.0607544
01/09/2009,-1,-1.84E-16,75,77,78,79.76877882,152.4329828,150.3820809,122.9694097,1,0,0,0,55146,74.01,86.73432821,0.027771689,3.199039447,998.4642149,643.0607544
01/10/2009,-0.866025404,0.5,72,75,77,210.4796908,79.76877882,147.5604841,141.0094686,1,0,0,0,55146,74.01,95.32783917,0.027671233,3.220158426,998.4642149,643.0607544
01/11/2009,-0.5,0.866025404,99,72,75,541.5262481,210.4796908,277.2582393,215.2692729,1,0,0,0,55146,74.01,99.3362497,0.027589041,3.217324917,998.4642149,643.0607544
01/12/2009,-2.45E-16,1,90,99,72,190.0923036,541.5262481,314.0327475,232.2074142,1,0,0,0,55146,74.01,100,0.027485639,3.215912547,998.4642149,643.0607544
01/01/2010,0.5,0.866025404,96,90,99,117.0273009,190.0923036,282.8819509,215.2212175,1,0,0,0,55146,74.01,100,0.027202828,3.200268855,998.4642149,643.0607544
01/02/2010,0.866025404,0.5,93,96,90,76.39723658,117.0273009,127.838947,202.5485931,1,0,0,0,55146,74.01,100,0.027084149,3.200847946,998.4642149,643.0607544
01/03/2010,1,6.12E-17,92,93,96,115.9638358,76.39723658,103.1294578,208.5811026,1,0,0,0,55146,74.01,100,0.026849315,3.209999438,998.4642149,643.0607544
01/04/2010,0.866025404,-0.5,90,92,93,52.97026778,115.9638358,81.77711338,182.3295321,1,0,0,0,55146,74.01,99.82766989,0.026739726,3.208399302,998.4642149,643.0607544
01/05/2010,0.5,-0.866025404,79,90,92,59.04483296,52.97026778,75.99297884,101.9159629,1,0,0,0,55146,74.01,96.3362497,0.026937693,3.221856783,998.4642149,643.0607544
01/06/2010,1.22E-16,-1,68,79,90,45.03868144,59.04483296,52.35126072,77.74035924,1,0,0,0,55146,74.01,89.99158947,0.027296804,3.240042346,998.4642149,643.0607544
01/07/2010,-0.5,-0.866025404,69,68,79,215.3680858,45.03868144,106.4838667,94.13049006,1,0,0,0,55146,74.01,82.88949869,0.027538665,3.248161169,998.4642149,643.0607544
01/08/2010,-0.866025404,-0.5,68,69,68,134.6728318,215.3680858,131.6931997,103.8430893,1,0,0,0,55146,74.01,80.90665832,0.027671233,3.237063883,998.4642149,643.0607544
01/09/2010,-1,-1.84E-16,81,68,69,227.3686506,134.6728318,192.4698561,122.4105584,1,0,0,0,55146,74.01,86.73432821,0.027744292,3.236692257,998.4642149,643.0607544
01/10/2010,-0.866025404,0.5,79,81,68,182.0083857,227.3686506,181.349956,143.9169114,1,0,0,0,55146,74.01,95.32783917,0.028510826,3.236887074,998.4642149,643.0607544
01/11/2010,-0.5,0.866025404,96,79,81,259.3463833,182.0083857,222.9078065,177.3005031,1,0,0,0,55146,74.01,99.3362497,0.028794521,3.239838785,998.4642149,643.0607544
01/12/2010,-2.45E-16,1,82,96,79,62.00890944,259.3463833,167.7878928,180.1288744,1,0,0,0,55146,74.01,100,0.029235528,3.253463963,998.4642149,643.0607544
01/01/2011,0.5,0.866025404,95,82,96,192.2632023,62.00890944,171.206165,176.2780605,1,0,0,0,55146,74.01,100,0.029138312,3.246767626,998.4642149,643.0607544
01/02/2011,0.866025404,0.5,100,95,82,342.6730746,192.2632023,198.9817288,210.9447677,1,0,0,0,55146,74.01,100,0.029099804,3.239403782,998.4642149,643.0607544
01/03/2011,1,6.12E-17,92,100,95,42.25772855,342.6730746,192.3980018,180.0929473,1,0,0,0,55146,74.01,100,0.029111798,3.238871324,998.4642149,643.0607544
01/04/2011,0.866025404,-0.5,87,92,100,46.44736446,42.25772855,143.7927225,157.4994438,1,0,0,0,55146,74.01,99.82766989,0.029223744,3.273938893,998.4642149,643.0607544
01/05/2011,0.5,-0.866025404,83,87,92,178.1497933,46.44736446,88.95162877,143.9666788,1,0,0,0,55146,74.01,96.3362497,0.028722934,3.296363083,998.4642149,643.0607544
01/06/2011,1.22E-16,-1,86,83,87,153.2015315,178.1497933,125.9328964,159.1654491,1,0,0,0,55146,74.01,89.99158947,0.028657534,3.281897846,998.4642149,643.0607544
01/07/2011,-0.5,-0.866025404,85,86,83,117.2684656,153.2015315,149.5399301,146.6663263,1,0,0,0,55146,74.01,82.88949869,0.028493151,3.282864721,998.4642149,643.0607544
01/08/2011,-0.866025404,-0.5,77,85,86,106.9017605,117.2684656,125.7905859,107.3711073,1,0,0,0,55146,74.01,80.90665832,0.028219178,3.271947285,998.4642149,643.0607544
01/09/2011,-1,-1.84E-16,86,77,85,189.655525,106.9017605,137.941917,131.9374067,1,0,0,0,55146,74.01,86.73432821,0.028219178,3.276182327,998.4642149,643.0607544
01/10/2011,-0.866025404,0.5,75,86,77,150.1467381,189.655525,148.9013412,149.2206357,1,0,0,0,55146,74.01,95.32783917,0.028157313,3.287821983,998.4642149,643.0607544
01/11/2011,-0.5,0.866025404,80,75,86,126.9713319,150.1467381,155.5911984,140.6908921,1,0,0,0,55146,74.01,99.3362497,0.027945205,3.267912132,998.4642149,643.0607544
01/12/2011,-2.45E-16,1,102,80,75,338.6321205,126.9713319,205.2500635,171.5959903,1,0,0,0,55146,74.01,100,0.027901016,3.252728646,998.4642149,643.0607544
01/01/2012,0.5,0.866025404,92,102,80,227.1794381,338.6321205,230.9276302,189.9144857,1,0,0,0,55146,74.01,100,0.027901016,3.244182244,998.4642149,643.0607544
01/02/2012,0.866025404,0.5,96,92,102,96.09548325,227.1794381,220.6356806,188.1134395,1,0,0,0,55146,74.01,100,0.027548418,3.255964515,998.4642149,643.0607544
01/03/2012,1,6.12E-17,91,96,92,46.05791646,96.09548325,123.1109459,164.1805047,1,0,0,0,55146,74.01,100,0.027574017,3.275927936,998.4642149,643.0607544
01/04/2012,0.866025404,-0.5,100,91,96,208.2638337,46.05791646,116.8057445,173.8666873,1,0,0,0,55146,74.01,99.82766989,0.027954338,3.284501335,998.4642149,643.0607544
01/05/2012,0.5,-0.866025404,94,100,91,96.13150697,208.2638337,116.8177524,168.7267165,1,0,0,0,55146,74.01,96.3362497,0.028599205,3.267824331,998.4642149,643.0607544
01/06/2012,1.22E-16,-1,99,94,100,302.1606526,96.13150697,202.1853311,162.6481385,1,0,0,0,55146,74.01,89.99158947,0.029442922,3.265009092,998.4642149,643.0607544
01/07/2012,-0.5,-0.866025404,98,99,94,148.888748,302.1606526,182.3936359,149.5996902,1,0,0,0,55146,74.01,82.88949869,0.02963323,3.232443693,998.4642149,643.0607544
01/08/2012,-0.866025404,-0.5,100,98,99,199.2078248,148.888748,216.7524085,166.7850804,1,0,0,0,55146,74.01,80.90665832,0.029792311,3.219545863,998.4642149,643.0607544
01/09/2012,-1,-1.84E-16,98,100,98,220.8713498,199.2078248,189.6559742,195.9206526,1,0,0,0,55146,74.01,86.73432821,0.029863014,3.20231297,998.4642149,643.0607544
01/10/2012,-0.866025404,0.5,93,98,100,168.640816,220.8713498,196.2399969,189.3168164,1,0,0,0,55146,74.01,95.32783917,0.029412285,3.170802284,998.4642149,643.0607544
01/11/2012,-0.5,0.866025404,98,93,98,225.9395348,168.640816,205.1505669,210.9514877,1,0,0,0,55146,74.01,99.3362497,0.029296804,3.168304931,998.4642149,643.0607544
01/12/2012,-2.45E-16,1,100,98,93,429.3627311,225.9395348,274.647694,232.1518341,1,0,0,0,55146,74.01,100,0.029403447,3.160966913,998.4642149,643.0607544
01/01/2013,0.5,0.866025404,99,100,98,205.5714899,429.3627311,286.9579186,241.5989577,1,0,0,0,55146,74.01,100,0.029385771,3.153931069,998.4642149,643.0607544
01/02/2013,0.866025404,0.5,96,99,100,102.5689208,205.5714899,245.8343806,225.4924737,1,0,0,0,55146,74.01,100,0.029579256,3.144254476,998.4642149,643.0607544
01/03/2013,1,6.12E-17,92,96,99,108.6571256,102.5689208,138.9325121,206.790103,1,0,0,0,55146,74.01,100,0.029580203,3.143932403,998.4642149,643.0607544
01/04/2013,0.866025404,-0.5,100,92,96,71.23743691,108.6571256,94.15449445,190.5562065,1,0,0,0,55146,74.01,99.82766989,0.029579909,3.125732136,998.4642149,643.0607544
01/05/2013,0.5,-0.866025404,98,100,92,177.7705982,71.23743691,119.2217202,182.5280504,1,0,0,0,55146,74.01,96.3362497,0.029491825,3.120238871,998.4642149,643.0607544
01/06/2013,1.22E-16,-1,93.6,98,100,77.61627343,177.7705982,108.8747695,123.9036408,1,0,0,0,55146,74.01,89.99158947,0.029863014,3.139994105,998.4642149,643.0607544
01/07/2013,-0.5,-0.866025404,82.2,93.6,98,89.55234186,77.61627343,114.9797378,104.5671161,1,0,0,0,55146,74.01,82.88949869,0.029933716,3.160095449,998.4642149,643.0607544
01/08/2013,-0.866025404,-0.5,79.8,82.2,93.6,123.4966859,89.55234186,96.88843373,108.055077,1,0,0,0,55146,74.01,80.90665832,0.029580203,3.152557536,998.4642149,643.0607544
01/09/2013,-1,-1.84E-16,70.2,79.8,82.2,69.01790026,123.4966859,94.02230934,101.4485394,1,0,0,0,55146,74.01,86.73432821,0.02973516,3.142208238,998.4642149,643.0607544
01/10/2013,-0.866025404,0.5,95,70.2,79.8,356.5721813,69.01790026,183.0289225,149.0043301,1,0,0,0,55146,74.01,95.32783917,0.029421122,3.133197156,998.4642149,643.0607544
01/11/2013,-0.5,0.866025404,82.9,95,70.2,158.1289897,356.5721813,194.5730237,145.7307287,1,0,0,0,55146,74.01,99.3362497,0.029242009,3.115006132,998.4642149,643.0607544
01/12/2013,-2.45E-16,1,100,82.9,95,385.3053037,158.1289897,300.0021582,197.0122338,1,0,0,0,55146,74.01,100,0.029209015,3.121175564,998.4642149,643.0607544
01/01/2014,0.5,0.866025404,99.5,100,82.9,382.7290209,385.3053037,308.7211048,245.8750136,1,0,0,0,55146,74.01,100,0.029359258,3.123209527,998.4642149,643.0607544
01/02/2014,0.866025404,0.5,100,99.5,100,425.0934365,382.7290209,397.7092537,296.1411387,1,0,0,0,55146,74.01,100,0.028874755,3.109179997,998.4642149,643.0607544
01/03/2014,1,6.12E-17,98.7,100,99.5,118.71879,425.0934365,308.8470825,304.4246203,1,0,0,0,55146,74.01,100,0.028590367,3.100422164,998.4642149,643.0607544
01/04/2014,0.866025404,-0.5,96.3,98.7,100,97.67958565,118.71879,213.8306041,261.2758544,1,0,0,0,55146,74.01,99.82766989,0.028748858,3.096986012,998.4642149,643.0607544
01/05/2014,0.5,-0.866025404,100,96.3,98.7,195.4298259,97.67958565,137.2760672,267.4926605,1,0,0,0,55146,74.01,96.3362497,0.028325232,3.093980582,998.4642149,643.0607544
01/06/2014,1.22E-16,-1,90.1,100,96.3,47.52170277,195.4298259,113.5437048,211.1953936,1,0,0,0,55146,74.01,89.99158947,0.027808219,3.07130797,998.4642149,643.0607544
01/07/2014,-0.5,-0.866025404,74.6,90.1,100,60.31761193,47.52170277,101.0897135,157.4601588,1,0,0,0,55146,74.01,82.88949869,0.027945205,3.0827,998.4642149,643.0607544
01/08/2014,-0.866025404,-0.5,70.7,74.6,90.1,177.0184433,60.31761193,94.95258601,116.1143266,1,0,0,0,55146,74.01,80.90665832,0.028183827,3.094242726,998.4642149,643.0607544
01/09/2014,-1,-1.84E-16,59.9,70.7,74.6,20.85238717,177.0184433,86.06281415,99.80325946,1,0,0,0,55146,74.01,86.73432821,0.028840183,3.110897848,998.4642149,643.0607544
01/10/2014,-0.866025404,0.5,70.8,59.9,70.7,293.6200105,20.85238717,163.8302803,132.4599969,1,0,0,0,55146,74.01,95.32783917,0.028784799,3.12742634,998.4642149,643.0607544
01/11/2014,-0.5,0.866025404,73.9,70.8,59.9,157.1068472,293.6200105,157.1930816,126.0728338,1,0,0,0,55146,74.01,99.3362497,0.028182648,3.123746552,998.4642149,643.0607544
01/12/2014,-2.45E-16,1,99,73.9,70.8,325.1706786,157.1068472,258.6325121,172.3476631,1,0,0,0,55146,74.01,100,0.028113124,3.100993703,998.4642149,643.0607544
01/01/2015,0.5,0.866025404,93.6,99,73.9,305.4973352,325.1706786,262.5916203,213.2109503,1,0,0,0,55146,74.01,100,0.028219178,3.100318269,998.4642149,643.0607544
01/02/2015,0.866025404,0.5,92.2,93.6,99,140.0363236,305.4973352,256.9014458,207.0472637,1,0,0,0,55146,74.01,100,0.028043053,3.088538882,998.4642149,643.0607544
01/03/2015,1,6.12E-17,100,92.2,93.6,197.2059048,140.0363236,214.2465212,236.4395166,1,0,0,0,55146,74.01,100,0.027936368,3.09219,998.4642149,643.0607544
01/04/2015,0.866025404,-0.5,94,100,92.2,56.94186688,197.2059048,131.3946984,196.9931594,1,0,0,0,55146,74.01,99.82766989,0.027945205,3.113255239,998.4642149,643.0607544
01/05/2015,0.5,-0.866025404,97.8,94,100,193.9057855,56.94186688,149.3511857,203.1263158,1,0,0,0,55146,74.01,96.3362497,0.027945205,3.119956704,998.4642149,643.0607544
01/06/2015,1.22E-16,-1,90.7,97.8,94,67.57014793,193.9057855,106.1392668,160.192894,1,0,0,0,55146,74.01,89.99158947,0.028365297,3.12000157,998.4642149,643.0607544
01/07/2015,-0.5,-0.866025404,85.9,90.7,97.8,147.5922987,67.57014793,136.3560774,133.8753879,1,0,0,0,55146,74.01,82.88949869,0.028369421,3.104615429,998.4642149,643.0607544
01/08/2015,-0.866025404,-0.5,87,85.9,90.7,172.9385864,147.5922987,129.367011,139.3590984,1,0,0,0,55146,74.01,80.90665832,0.028139638,3.086512336,998.4642149,643.0607544
01/09/2015,-1,-1.84E-16,78,87,85.9,66.20333478,172.9385864,128.9114066,117.5253367,1,0,0,0,55146,74.01,86.73432821,0.028456621,3.074833584,998.4642149,643.0607544
01/10/2015,-0.866025404,0.5,74.6,78,87,75.36954401,66.20333478,104.8371551,120.5966162,1,0,0,0,55146,74.01,95.32783917,0.02853734,3.085612895,998.4642149,643.0607544
01/11/2015,-0.5,0.866025404,95.5,74.6,78,521.7682064,75.36954401,221.1136951,175.240353,1,0,0,0,55146,74.01,99.3362497,0.028493151,3.087326496,998.4642149,643.0607544
01/12/2015,-2.45E-16,1,99.7,95.5,74.6,595.0442161,521.7682064,397.3939888,263.1526977,1,0,0,0,55146,74.01,100,0.028731772,3.069940537,998.4642149,643.0607544
01/01/2016,0.5,0.866025404,99.3,99.7,95.5,368.3963117,595.0442161,495.069578,299.9533665,1,0,0,0,55146,74.01,100,0.02861688,3.048130112,998.4642149,643.0607544
01/02/2016,0.866025404,0.5,97,99.3,99.7,292.9164815,368.3963117,418.7856698,319.9496824,1,0,0,0,55146,74.01,100,0.028549835,3.028016622,998.4642149,643.0607544
01/03/2016,1,6.12E-17,98.8,97,99.3,153.7181654,292.9164815,271.6769862,334.5354875,1,0,0,0,55146,74.01,100,0.028793637,3.044900776,998.4642149,643.0607544
01/04/2016,0.866025404,-0.5,97.6,98.8,97,151.8726378,153.7181654,199.5024282,347.2860031,1,0,0,0,55146,74.01,99.82766989,0.029050228,3.051802877,998.4642149,643.0607544
01/05/2016,0.5,-0.866025404,96.3,97.6,98.8,92.16567781,151.8726378,132.5854937,275.6855817,1,0,0,0,55146,74.01,96.3362497,0.028855502,3.063918303,998.4642149,643.0607544
01/06/2016,1.22E-16,-1,95.1,96.3,97.6,156.0118482,92.16567781,133.3500546,202.5135204,1,0,0,0,55146,74.01,89.99158947,0.028812785,3.05969379,998.4642149,643.0607544
01/07/2016,-0.5,-0.866025404,93.9,95.1,96.3,126.888106,156.0118482,125.0218773,162.2621528,1,0,0,0,55146,74.01,82.88949869,0.028873177,3.037895803,998.4642149,643.0607544
01/08/2016,-0.866025404,-0.5,97.7,93.9,95.1,185.7918461,126.888106,156.2306001,144.4080469,1,0,0,0,55146,74.01,80.90665832,0.028890853,3.033262266,998.4642149,643.0607544
01/09/2016,-1,-1.84E-16,98.9,97.7,93.9,184.1774495,185.7918461,165.6191339,149.4845942,1,0,0,0,55146,74.01,86.73432821,0.029114155,3.032286649,998.4642149,643.0607544
01/10/2016,-0.866025404,0.5,79.3,98.9,97.7,59.55785179,184.1774495,143.1757158,134.0987966,1,0,0,0,55146,74.01,95.32783917,0.029041096,3.051815084,998.4642149,643.0607544
01/11/2016,-0.5,0.866025404,81.6,79.3,98.9,129.9779281,59.55785179,124.5710765,140.4008383,1,0,0,0,55146,74.01,99.3362497,0.029013699,3.072958864,998.4642149,643.0607544
01/12/2016,-2.45E-16,1,84.5,81.6,79.3,123.9839384,129.9779281,104.5065728,135.0628533,1,0,0,0,55146,74.01,100,0.028749448,3.091799349,998.4642149,643.0607544
01/01/2017,0.5,0.866025404,84.3,84.5,81.6,86.9258094,123.9839384,113.6292253,128.4024705,1,0,0,0,55146,74.01,100,0.028325232,3.09892652,998.4642149,643.0607544
01/02/2017,0.866025404,0.5,97.7,84.3,84.5,192.0828157,86.9258094,134.3308545,129.4509655,1,0,0,0,55146,74.01,100,0.028199609,3.099265215,998.4642149,643.0607544
01/03/2017,1,6.12E-17,100,97.7,84.3,222.1135299,192.0828157,167.0407183,135.7736455,1,0,0,0,55146,74.01,100,0.028307556,3.11455631,998.4642149,643.0607544
01/04/2017,0.866025404,-0.5,94,100,97.7,33.5004567,222.1135299,149.2322674,131.4307464,1,0,0,0,55146,74.01,99.82766989,0.027945205,3.098722613,998.4642149,643.0607544
01/05/2017,0.5,-0.866025404,91.9,94,100,107.7685248,33.5004567,121.1275038,127.7291791,1,0,0,0,55146,74.01,96.3362497,0.028555015,3.082184637,998.4642149,643.0607544
01/06/2017,1.22E-16,-1,95.2,91.9,94,155.726086,107.7685248,98.99835582,133.0195371,1,0,0,0,55146,74.01,89.99158947,0.028474886,3.078685597,998.4642149,643.0607544
01/07/2017,-0.5,-0.866025404,92.9,95.2,91.9,149.2708347,155.726086,137.5884818,143.4103746,1,0,0,0,55146,74.01,82.88949869,0.028731772,3.10164828,998.4642149,643.0607544
01/08/2017,-0.866025404,-0.5,97.2,92.9,95.2,176.5663963,149.2708347,160.5211056,140.8243047,1,0,0,0,55146,74.01,80.90665832,0.028493151,3.089374499,998.4642149,643.0607544
01/09/2017,-1,-1.84E-16,96.7,97.2,92.9,259.2842454,176.5663963,195.0404921,147.019424,1,0,0,0,55146,74.01,86.73432821,0.027890411,3.057952008,998.4642149,643.0607544
01/10/2017,-0.866025404,0.5,97.7,96.7,97.2,202.0087605,259.2842454,212.6198007,175.1041413,1,0,0,0,55146,74.01,95.32783917,0.02739726,3.032451938,998.4642149,643.0607544
01/11/2017,-0.5,0.866025404,93.4,97.7,96.7,196.5600749,202.0087605,219.2843603,189.902733,1,0,0,0,55146,74.01,99.3362497,0.027324201,3.011925397,998.4642149,643.0607544
01/12/2017,-2.45E-16,1,99.1,93.4,97.7,217.5375186,196.5600749,205.3687847,200.2046384,1,0,0,0,55146,74.01,100,0.027238179,3.001749483,998.4642149,643.0607544
01/01/2018,0.5,0.866025404,99.1,99.1,93.4,269.0180844,217.5375186,227.705226,220.1625133,1,0,0,0,55146,74.01,100,0.026760937,2.985756352,998.4642149,643.0607544
01/02/2018,0.866025404,0.5,95.6,99.1,99.1,164.2366842,269.0180844,216.9307624,218.1075613,1,0,0,0,55146,74.01,100,0.026594912,2.956744889,998.4642149,643.0607544
01/03/2018,1,6.12E-17,100,95.6,99.1,159.9971516,164.2366842,197.7506401,201.5597124,1,0,0,0,55146,74.01,100,0.02617764,2.955390619,998.4642149,643.0607544
01/04/2018,0.866025404,-0.5,99.6,100,95.6,136.3483058,159.9971516,153.5273805,190.6163032,1,0,0,0,55146,74.01,99.82766989,0.025936073,2.958308397,998.4642149,643.0607544
01/05/2018,0.5,-0.866025404,92.8,99.6,100,80.94173291,136.3483058,125.7623968,171.3465796,1,0,0,0,55146,74.01,96.3362497,0.026310208,2.960768572,998.4642149,643.0607544
01/06/2018,1.22E-16,-1,82.4,92.8,99.6,29.62814592,80.94173291,82.30606156,140.0283508,1,0,0,0,55146,74.01,89.99158947,0.026173516,2.976841672,998.4642149,643.0607544
01/07/2018,-0.5,-0.866025404,68.9,82.4,92.8,80.69622897,29.62814592,63.75536927,108.6413749,1,0,0,0,55146,74.01,82.88949869,0.026036235,3.015479354,998.4642149,643.0607544
01/08/2018,-0.866025404,-0.5,59.9,68.9,82.4,106.9405728,80.69622897,72.42164921,99.092023,1,0,0,0,55146,74.01,80.90665832,0.026372072,3.028909085,998.4642149,643.0607544
01/09/2018,-1,-1.84E-16,72.8,59.9,68.9,223.8913899,106.9405728,137.1760639,109.7410627,1,0,0,0,55146,74.01,86.73432821,0.026894977,3.022268601,998.4642149,643.0607544
01/10/2018,-0.866025404,0.5,73.5,72.8,59.9,156.5154239,223.8913899,162.4491289,113.1022491,1,0,0,0,55146,74.01,95.32783917,0.026663721,3.033768828,998.4642149,643.0607544
01/11/2018,-0.5,0.866025404,81.4,73.5,72.8,168.0676062,156.5154239,182.8248067,127.6232279,1,0,0,0,55146,74.01,99.3362497,0.027077626,3.053616729,998.4642149,643.0607544
01/12/2018,-2.45E-16,1,87.5,81.4,73.5,294.2043231,168.0676062,206.2624511,171.7192575,1,0,0,0,55146,74.01,100,0.026407424,3.057318086,998.4642149,643.0607544
01/01/2019,0.5,0.866025404,88.9,87.5,81.4,111.9373478,294.2043231,191.4030924,176.9261106,1,0,0,0,55146,74.01,100,0.026204154,3.059277537,998.4642149,643.0607544
01/02/2019,0.866025404,0.5,98.4,88.9,87.5,138.8655492,111.9373478,181.6690734,182.24694,1,0,0,0,55146,74.01,100,0.026320939,3.065277931,998.4642149,643.0607544
01/03/2019,1,6.12E-17,99,98.4,88.9,351.3049133,138.8655492,200.7026034,203.4825273,1,0,0,0,55146,74.01,100,0.026389748,3.062250939,998.4642149,643.0607544
01/04/2019,0.866025404,-0.5,100,99,98.4,137.7265066,351.3049133,209.2989897,200.351041,1,0,0,0,55146,74.01,99.82766989,0.026484018,3.073210112,998.4642149,643.0607544
01/05/2019,0.5,-0.866025404,96.9,100,99,74.46677518,137.7265066,187.8327317,184.7509025,1,0,0,0,55146,74.01,96.3362497,0.026902342,3.087918843,998.4642149,643.0607544
01/06/2019,1.22E-16,-1,100,96.9,100,209.4257969,74.46677518,140.5396929,170.6211482,1,0,0,0,55146,74.01,89.99158947,0.027260274,3.087185251,998.4642149,643.0607544
01/07/2019,-0.5,-0.866025404,91.3,100,96.9,71.38132206,209.4257969,118.4246314,163.8618105,1,0,0,0,55146,74.01,82.88949869,0.027741935,3.099451346,998.4642149,643.0607544
01/08/2019,-0.866025404,-0.5,98.4,91.3,100,225.3209562,71.38132206,168.7093584,178.271045,1,0,0,0,55146,74.01,80.90665832,0.028192665,3.095040685,998.4642149,643.0607544
01/09/2019,-1,-1.84E-16,99.5,98.4,91.3,313.2592514,225.3209562,203.3205099,171.9301014,1,0,0,0,55146,74.01,86.73432821,0.028474886,3.07639115,998.4642149,643.0607544
01/10/2019,-0.866025404,0.5,100,99.5,98.4,283.2879106,313.2592514,273.9560394,196.1903354,1,0,0,0,55146,74.01,95.32783917,0.0278038,3.049818362,998.4642149,643.0607544
01/11/2019,-0.5,0.866025404,95.6,100,99.5,205.2506951,283.2879106,267.2659524,217.9876554,1,0,0,0,55146,74.01,99.3362497,0.027990868,3.048691597,998.4642149,643.0607544
01/12/2019,-2.45E-16,1,95.4,95.6,100,291.2047187,205.2506951,259.9144415,231.6174757,1,0,0,0,55146,74.01,100,0.028051259,3.052266941,998.4642149,643.0607544
01/01/2020,0.5,0.866025404,100,95.4,95.6,225.865736,291.2047187,240.7737166,257.364878,1,0,0,0,55146,74.01,100,0.027945205,3.066759417,998.4642149,643.0607544
01/02/2020,0.866025404,0.5,100,100,95.4,615.9069574,225.865736,377.6591374,322.4625449,1,0,0,0,55146,74.01,100,0.028256967,3.073349797,998.4642149,643.0607544
01/03/2020,1,6.12E-17,97.6,100,100,222.4494619,615.9069574,354.7407185,307.32758,1,0,0,0,55146,74.01,100,0.028661069,3.051261993,998.4642149,643.0607544
01/04/2020,0.866025404,-0.5,89.8,97.6,100,36.2176238,222.4494619,291.5246811,266.1491988,1,0,0,0,55146,74.01,99.82766989,0.029041096,3.06036732,998.4642149,643.0607544
01/05/2020,0.5,-0.866025404,80,89.8,97.6,29.34495809,36.2176238,96.00401461,236.831576,1,0,0,0,55146,74.01,96.3362497,0.029041096,3.069355273,998.4642149,643.0607544
01/06/2020,1.22E-16,-1,73.2,80,89.8,130.5912058,29.34495809,65.38459591,210.0626572,1,0,0,0,55146,74.01,89.99158947,0.028958904,3.07906033,998.4642149,643.0607544
01/07/2020,-0.5,-0.866025404,81,73.2,80,153.5680964,130.5912058,104.5014201,198.0130506,1,0,0,0,55146,74.01,82.88949869,0.028952718,3.068064466,998.4642149,643.0607544
01/08/2020,-0.866025404,-0.5,99.9,81,73.2,323.9852469,153.5680964,202.7148497,149.3594322,1,0,0,0,55146,74.01,80.90665832,0.028935042,3.070795763,998.4642149,643.0607544
01/09/2020,-1,-1.84E-16,92.8,99.9,81,104.6690166,323.9852469,194.07412,129.7293579,1,0,0,0,55146,74.01,86.73432821,0.028849315,3.078154956,998.4642149,643.0607544
01/10/2020,-0.866025404,0.5,97.5,92.8,99.9,330.1848005,104.6690166,252.9463547,178.7238874,1,0,0,0,55146,74.01,95.32783917,0.028519664,3.092372104,998.4642149,643.0607544
01/11/2020,-0.5,0.866025404,96.8,97.5,92.8,227.4665317,330.1848005,220.7734496,211.7441497,1,0,0,0,55146,74.01,99.3362497,0.028465753,3.09337648,998.4642149,643.0607544
01/12/2020,-2.45E-16,1,100,96.8,97.5,331.5204971,227.4665317,296.3906098,245.2323649,1,0,0,0,55146,74.01,100,0.027529828,3.072597196,998.4642149,643.0607544
01/01/2021,0.5,0.866025404,98.4,100,96.8,313.275697,331.5204971,290.7542419,271.8502983,1,0,0,0,55146,74.01,100,0.027529828,3.072597196,998.4642149,643.0607544
01/02/2021,0.866025404,0.5,98.4,98.4,100,264.9788086,313.275697,303.2583342,262.0158919,1,0,0,0,55146,74.01,100,0.027529828,3.072597196,998.4642149,643.0607544
01/03/2021,1,6.12E-17,98.6,98.4,98.4,237.9521763,264.9788086,272.068894,284.2297519,1,0,0,0,55146,74.01,100,0.027529828,3.072597196,998.4642149,643.0607544
01/04/2021,0.866025404,-0.5,95,98.6,98.4,26.42073902,237.9521763,176.4505746,233.6024083,1,0,0,0,55146,74.01,99.82766989,0.027529828,3.072597196,998.4642149,643.0607544
01/05/2021,0.5,-0.866025404,99.4,95,98.6,277.8904061,26.42073902,180.7544405,242.0063873,1,0,0,0,55146,74.01,96.3362497,0.027529828,3.072597196,998.4642149,643.0607544
01/06/2021,1.22E-16,-1,89,99.4,95,34.59542816,277.8904061,112.9688578,192.5188759,1,0,0,0,55146,74.01,89.99158947,0.027529828,3.072597196,998.4642149,643.0607544
01/07/2021,-0.5,-0.866025404,78.9,89,99.4,82.15257887,34.59542816,131.5461377,153.9983562,1,0,0,0,55146,74.01,82.88949869,0.027529828,3.072597196,998.4642149,643.0607544
01/08/2021,-0.866025404,-0.5,74.9,78.9,89,115.3927879,82.15257887,77.38026497,129.0673527,1,0,0,0,55146,74.01,80.90665832,0.027529828,3.072597196,998.4642149,643.0607544
01/09/2021,-1,-1.84E-16,61.8,74.9,78.9,141.7123146,115.3927879,113.0858938,113.0273758,1,0,0,0,55146,74.01,86.73432821,0.027529828,3.072597196,998.4642149,643.0607544
01/10/2021,-0.866025404,0.5,90.5,61.8,74.9,311.0029273,141.7123146,189.3693433,160.4577405,1,0,0,0,55146,74.01,95.32783917,0.027529828,3.072597196,998.4642149,643.0607544
01/11/2021,-0.5,0.866025404,81.8,90.5,61.8,128.6908766,311.0029273,193.8020395,135.5911522,1,0,0,0,55146,74.01,99.3362497,0.027529828,3.072597196,998.4642149,643.0607544
01/12/2021,-2.45E-16,1,96,81.8,90.5,313.7375042,128.6908766,251.1437694,182.1148316,1,0,0,0,55146,74.01,100,0.027529828,3.072597196,998.4642149,643.0607544
01/01/2022,0.5,0.866025404,88.1,96,81.8,118.9533738,313.7375042,187.1272515,188.2482974,1,0,0,0,55146,74.01,100,0.027529828,3.072597196,998.4642149,643.0607544
01/02/2022,0.866025404,0.5,99.2,88.1,96,416.5167603,118.9533738,283.0692128,238.4356261,1,0,0,0,55146,74.01,100,0.027529828,3.072597196,998.4642149,643.0607544
01/03/2022,1,6.12E-17,96,99.2,88.1,50.50318791,416.5167603,195.3244407,223.234105,1,0,0,0,55146,74.01,100,0.027529828,3.072597196,998.4642149,643.0607544
01/04/2022,0.866025404,-0.5,87.3,96,99.2,69.05897154,50.50318791,178.6929733,182.9101124,1,0,0,0,55146,74.01,99.82766989,0.027529828,3.072597196,998.4642149,643.0607544
01/05/2022,0.5,-0.866025404,81.8,87.3,96,85.09940789,69.05897154,68.22052245,175.6448676,1,0,0,0,55146,74.01,96.3362497,0.027529828,3.072597196,998.4642149,643.0607544
01/06/2022,1.22E-16,-1,73.4,81.8,87.3,71.82832838,85.09940789,75.3289026,135.3266716,1,0,0,0,55146,74.01,89.99158947,0.027529828,3.072597196,998.4642149,643.0607544
01/07/2022,-0.5,-0.866025404,56.6,73.4,81.8,68.58212407,71.82832838,75.16995345,126.9314633,1,0,0,0,55146,74.01,82.88949869,0.027529828,3.072597196,998.4642149,643.0607544
01/08/2022,-0.866025404,-0.5,46.3,56.6,73.4,62.16128021,68.58212407,67.52391089,67.87221667,1,0,0,0,55146,74.01,80.90665832,0.027529828,3.072597196,998.4642149,643.0607544
01/09/2022,-1,-1.84E-16,37.2,46.3,56.6,129.8111435,62.16128021,86.85151591,81.09020926,1,0,0,0,55146,74.01,86.73432821,0.027529828,3.072597196,998.4642149,643.0607544
01/10/2022,-0.866025404,0.5,55.2,37.2,46.3,254.4015884,129.8111435,148.7913373,111.9806454,1,0,0,0,55146,74.01,95.32783917,0.027529828,3.072597196,998.4642149,643.0607544
01/11/2022,-0.5,0.866025404,83.4,55.2,37.2,245.9205169,254.4015884,210.0444162,138.7841636,1,0,0,0,55146,74.01,99.3362497,0.027529828,3.072597196,998.4642149,643.0607544
01/12/2022,-2.45E-16,1,88.1,83.4,55.2,221.7514512,245.9205169,240.6911855,163.7713507,1,0,0,0,55146,74.01,100,0.027529828,3.072597196,998.4642149,643.0607544
